[{"model": "contenttypes.contenttype", "pk": 1, "fields": {"app_label": "admin", "model": "logentry"}}, {"model": "contenttypes.contenttype", "pk": 2, "fields": {"app_label": "auth", "model": "permission"}}, {"model": "contenttypes.contenttype", "pk": 3, "fields": {"app_label": "auth", "model": "group"}}, {"model": "contenttypes.contenttype", "pk": 4, "fields": {"app_label": "auth", "model": "user"}}, {"model": "contenttypes.contenttype", "pk": 5, "fields": {"app_label": "contenttypes", "model": "contenttype"}}, {"model": "contenttypes.contenttype", "pk": 6, "fields": {"app_label": "sessions", "model": "session"}}, {"model": "contenttypes.contenttype", "pk": 7, "fields": {"app_label": "landing", "model": "modpost"}}, {"model": "contenttypes.contenttype", "pk": 8, "fields": {"app_label": "orders", "model": "status_order"}}, {"model": "contenttypes.contenttype", "pk": 9, "fields": {"app_label": "orders", "model": "order"}}, {"model": "contenttypes.contenttype", "pk": 10, "fields": {"app_label": "orders", "model": "productinorder"}}, {"model": "contenttypes.contenttype", "pk": 11, "fields": {"app_label": "products", "model": "product"}}, {"model": "contenttypes.contenttype", "pk": 12, "fields": {"app_label": "products", "model": "productimage"}}, {"model": "contenttypes.contenttype", "pk": 13, "fields": {"app_label": "filebrowser", "model": "filebrowser"}}, {"model": "contenttypes.contenttype", "pk": 14, "fields": {"app_label": "modposting", "model": "modpost"}}, {"model": "contenttypes.contenttype", "pk": 15, "fields": {"app_label": "products", "model": "productcategory"}}, {"model": "contenttypes.contenttype", "pk": 16, "fields": {"app_label": "orders", "model": "productinbasket"}}, {"model": "contenttypes.contenttype", "pk": 17, "fields": {"app_label": "events", "model": "eventcategory"}}, {"model": "contenttypes.contenttype", "pk": 18, "fields": {"app_label": "events", "model": "event"}}, {"model": "contenttypes.contenttype", "pk": 19, "fields": {"app_label": "events", "model": "eventimage"}}, {"model": "contenttypes.contenttype", "pk": 20, "fields": {"app_label": "subscribers", "model": "subscribers"}}, {"model": "contenttypes.contenttype", "pk": 21, "fields": {"app_label": "callmecontacts", "model": "callmecontacts"}}, {"model": "contenttypes.contenttype", "pk": 22, "fields": {"app_label": "landing", "model": "callmecontact"}}, {"model": "contenttypes.contenttype", "pk": 23, "fields": {"app_label": "aboutus", "model": "aboutus"}}, {"model": "contenttypes.contenttype", "pk": 24, "fields": {"app_label": "contacts", "model": "contacts"}}, {"model": "contenttypes.contenttype", "pk": 25, "fields": {"app_label": "educations", "model": "education"}}, {"model": "contenttypes.contenttype", "pk": 26, "fields": {"app_label": "educations", "model": "educationcategory"}}, {"model": "contenttypes.contenttype", "pk": 27, "fields": {"app_label": "educations", "model": "educationimage"}}, {"model": "contenttypes.contenttype", "pk": 28, "fields": {"app_label": "accounts", "model": "profile"}}, {"model": "contenttypes.contenttype", "pk": 29, "fields": {"app_label": "educations", "model": "educationorder"}}, {"model": "contenttypes.contenttype", "pk": 30, "fields": {"app_label": "educations", "model": "status_education_order"}}, {"model": "contenttypes.contenttype", "pk": 31, "fields": {"app_label": "educations", "model": "statuseducationorder"}}, {"model": "contenttypes.contenttype", "pk": 32, "fields": {"app_label": "landing", "model": "landpost"}}, {"model": "contenttypes.contenttype", "pk": 33, "fields": {"app_label": "landing", "model": "mainformcontact"}}, {"model": "contenttypes.contenttype", "pk": 34, "fields": {"app_label": "educations", "model": "educationformat"}}, {"model": "contenttypes.contenttype", "pk": 35, "fields": {"app_label": "events", "model": "eventjoiner"}}, {"model": "contenttypes.contenttype", "pk": 36, "fields": {"app_label": "events", "model": "statuseventjoiner"}}, {"model": "contenttypes.contenttype", "pk": 37, "fields": {"app_label": "events", "model": "eventformat"}}, {"model": "contenttypes.contenttype", "pk": 38, "fields": {"app_label": "aboutus", "model": "team"}}, {"model": "contenttypes.contenttype", "pk": 39, "fields": {"app_label": "educations", "model": "educationplanpoint"}}, {"model": "contenttypes.contenttype", "pk": 40, "fields": {"app_label": "educations", "model": "educationresultpoint"}}, {"model": "contenttypes.contenttype", "pk": 41, "fields": {"app_label": "investions", "model": "investioncategory"}}, {"model": "contenttypes.contenttype", "pk": 42, "fields": {"app_label": "investions", "model": "investionformat"}}, {"model": "contenttypes.contenttype", "pk": 43, "fields": {"app_label": "investions", "model": "investionresultpoint"}}, {"model": "contenttypes.contenttype", "pk": 44, "fields": {"app_label": "investions", "model": "investion"}}, {"model": "contenttypes.contenttype", "pk": 45, "fields": {"app_label": "investions", "model": "investionorder"}}, {"model": "contenttypes.contenttype", "pk": 46, "fields": {"app_label": "investions", "model": "statusinvestionorder"}}, {"model": "contenttypes.contenttype", "pk": 47, "fields": {"app_label": "investions", "model": "investionplanpoint"}}, {"model": "contenttypes.contenttype", "pk": 48, "fields": {"app_label": "hall", "model": "bill"}}, {"model": "contenttypes.contenttype", "pk": 49, "fields": {"app_label": "hall", "model": "memberpreference"}}, {"model": "sessions.session", "pk": "01svhg9m2cpx2xahmbzpsbcpdxvhd57r", "fields": {"session_data": "ODM4ZDU5ODczYTVlNjQ1YmUyYjExM2YwN2Y1ZjdlMTQzNDI1OGQwYzp7fQ==", "expire_date": "2019-02-13T19:05:22.483Z"}}, {"model": "sessions.session", "pk": "0h5u9nbm2vwyinvp2a4chx5ru22x584e", "fields": {"session_data": "ODM4ZDU5ODczYTVlNjQ1YmUyYjExM2YwN2Y1ZjdlMTQzNDI1OGQwYzp7fQ==", "expire_date": "2019-04-14T03:43:04.543Z"}}, {"model": "sessions.session", "pk": "0kupcwgyoclsomljq6l6oxzp45iqe8f0", "fields": {"session_data": "ODM4ZDU5ODczYTVlNjQ1YmUyYjExM2YwN2Y1ZjdlMTQzNDI1OGQwYzp7fQ==", "expire_date": "2019-02-26T22:11:58.386Z"}}, {"model": "sessions.session", "pk": "1b3rkzt2bk7140x7xvimfjnb6y9uxpo4", "fields": {"session_data": "ODM4ZDU5ODczYTVlNjQ1YmUyYjExM2YwN2Y1ZjdlMTQzNDI1OGQwYzp7fQ==", "expire_date": "2019-04-14T15:22:13.422Z"}}, {"model": "sessions.session", "pk": "1gdttofgxzup5wffhklllkr355wyf09y", "fields": {"session_data": "ODM4ZDU5ODczYTVlNjQ1YmUyYjExM2YwN2Y1ZjdlMTQzNDI1OGQwYzp7fQ==", "expire_date": "2019-04-14T01:38:03.879Z"}}, {"model": "sessions.session", "pk": "1xx8cidjyypzro6riu313hhjhfq8io48", "fields": {"session_data": "NDE2N2UxYjU4NGFiYzgyMTIxZjg5NTI5NjFiMDU4MzZkMmVlOTI2ZDp7Il9hdXRoX3VzZXJfaWQiOiIzNyIsIl9hdXRoX3VzZXJfYmFja2VuZCI6ImRqYW5nby5jb250cmliLmF1dGguYmFja2VuZHMuTW9kZWxCYWNrZW5kIiwiX2F1dGhfdXNlcl9oYXNoIjoiYTc2NzViNzk4Y2E5NDVjNDFkMDAzNmE5NTg4MjJhZDVlNzczNjg5OCJ9", "expire_date": "2019-04-12T14:26:29.833Z"}}, {"model": "sessions.session", "pk": "21xay071fcyjln8qrn2ndrgnwb2xgfv8", "fields": {"session_data": "ODM4ZDU5ODczYTVlNjQ1YmUyYjExM2YwN2Y1ZjdlMTQzNDI1OGQwYzp7fQ==", "expire_date": "2019-02-20T17:51:03.789Z"}}, {"model": "sessions.session", "pk": "2gjvewph4hdy62esc5rrtuf6n197p0up", "fields": {"session_data": "ODM4ZDU5ODczYTVlNjQ1YmUyYjExM2YwN2Y1ZjdlMTQzNDI1OGQwYzp7fQ==", "expire_date": "2019-02-26T12:00:16.020Z"}}, {"model": "sessions.session", "pk": "3573om6r41sdgc5td1lj5dp8gw83xecc", "fields": {"session_data": "ODM4ZDU5ODczYTVlNjQ1YmUyYjExM2YwN2Y1ZjdlMTQzNDI1OGQwYzp7fQ==", "expire_date": "2019-02-14T03:17:36.930Z"}}, {"model": "sessions.session", "pk": "3cei6qf171qek3f4vgq77rgfjn07i3g1", "fields": {"session_data": "ODM4ZDU5ODczYTVlNjQ1YmUyYjExM2YwN2Y1ZjdlMTQzNDI1OGQwYzp7fQ==", "expire_date": "2019-02-13T00:56:19.350Z"}}, {"model": "sessions.session", "pk": "3h1dhix3mton7fdmy1ujloxlk0ptkicq", "fields": {"session_data": "ODM4ZDU5ODczYTVlNjQ1YmUyYjExM2YwN2Y1ZjdlMTQzNDI1OGQwYzp7fQ==", "expire_date": "2019-02-13T21:12:48.595Z"}}, {"model": "sessions.session", "pk": "4bwc6vbexp2ytpake68hypkf5hzt3xzm", "fields": {"session_data": "ODM4ZDU5ODczYTVlNjQ1YmUyYjExM2YwN2Y1ZjdlMTQzNDI1OGQwYzp7fQ==", "expire_date": "2019-01-20T03:44:27.228Z"}}, {"model": "sessions.session", "pk": "4z7ze1pf6hw80m2pa6ak1okdrseog2o1", "fields": {"session_data": "ODM4ZDU5ODczYTVlNjQ1YmUyYjExM2YwN2Y1ZjdlMTQzNDI1OGQwYzp7fQ==", "expire_date": "2019-01-19T16:21:15.824Z"}}, {"model": "sessions.session", "pk": "53qt1yiwytnxrxfzogtrsya5lkgjoiop", "fields": {"session_data": "ODM4ZDU5ODczYTVlNjQ1YmUyYjExM2YwN2Y1ZjdlMTQzNDI1OGQwYzp7fQ==", "expire_date": "2019-01-22T19:15:48.417Z"}}, {"model": "sessions.session", "pk": "59ubuv3lbc2xkth8xdiy4l2x7wxnh6qj", "fields": {"session_data": "ODM4ZDU5ODczYTVlNjQ1YmUyYjExM2YwN2Y1ZjdlMTQzNDI1OGQwYzp7fQ==", "expire_date": "2019-03-02T00:42:16.576Z"}}, {"model": "sessions.session", "pk": "5ix43mvjjp9snnzl8ceuw9laujdvp8m9", "fields": {"session_data": "Y2VjNzNjNWQ3ZmIwNGQ4ZjkzMzNiZTA2Y2M0Y2ZhNDNhOTQ2NzEwOTp7InJlZmVyZXIiOiIzMSIsInJlZl9jb3VudGVkIjp0cnVlLCJfYXV0aF91c2VyX2lkIjoiMTgiLCJfYXV0aF91c2VyX2JhY2tlbmQiOiJkamFuZ28uY29udHJpYi5hdXRoLmJhY2tlbmRzLk1vZGVsQmFja2VuZCIsIl9hdXRoX3VzZXJfaGFzaCI6IjMwYzhlMGU5MGRjMTMxMmU3ZmYzNGUzMDY5ZWI3MDBkY2Q3ZDFjNDQifQ==", "expire_date": "2019-02-14T00:51:25.442Z"}}, {"model": "sessions.session", "pk": "5zq5as2yz9gv6opesptui3rdx1w9fl34", "fields": {"session_data": "ZGYyYzI4ZTVkZGVhNDM1YWZlMDg1ODc1ZDk5ZDU2MDU3ZmFlNjgxZjp7InJlZmVyZXIiOiIzMSIsInJlZl9jb3VudGVkIjp0cnVlfQ==", "expire_date": "2019-02-21T01:54:51.989Z"}}, {"model": "sessions.session", "pk": "63qdfinrji7q58bd532kiv3lci4zz6ak", "fields": {"session_data": "ODM4ZDU5ODczYTVlNjQ1YmUyYjExM2YwN2Y1ZjdlMTQzNDI1OGQwYzp7fQ==", "expire_date": "2019-02-26T17:00:16.324Z"}}, {"model": "sessions.session", "pk": "6iecq27ky8xfj4bd2pgqcr258xt4qqbg", "fields": {"session_data": "ODM4ZDU5ODczYTVlNjQ1YmUyYjExM2YwN2Y1ZjdlMTQzNDI1OGQwYzp7fQ==", "expire_date": "2019-04-13T01:07:09.173Z"}}, {"model": "sessions.session", "pk": "7lkhn8w02fw7rfs8uldx0eskpi6hz5gq", "fields": {"session_data": "Y2Y0OTBmMWJjZmE5OWEwYTI3NTRhNGZhN2ZjZmQxMWMyNzA3ZWVkNzp7InJlZmVyZXIiOiIzNCIsInJlZl9jb3VudGVkIjp0cnVlfQ==", "expire_date": "2019-02-21T01:48:43.064Z"}}, {"model": "sessions.session", "pk": "7n6rebtb68q5mihwn5gh6w772evz8q46", "fields": {"session_data": "ODM4ZDU5ODczYTVlNjQ1YmUyYjExM2YwN2Y1ZjdlMTQzNDI1OGQwYzp7fQ==", "expire_date": "2019-02-25T00:03:44.301Z"}}, {"model": "sessions.session", "pk": "865ogqrno9zj19570vhj3wfgyap0a429", "fields": {"session_data": "MjIwYWU5ZmM2MGJmMTk5NzhjN2NiMTI0ZjIxZmRlZmNlODUwMTU3Zjp7Il9hdXRoX3VzZXJfaWQiOiIxIiwiX2F1dGhfdXNlcl9iYWNrZW5kIjoiZGphbmdvLmNvbnRyaWIuYXV0aC5iYWNrZW5kcy5Nb2RlbEJhY2tlbmQiLCJfYXV0aF91c2VyX2hhc2giOiI4YjM4NTUzZWE5ODhlNTI5NmY0NTMzYjRhZjM2ZDJhZjcxMjQ3YzU0In0=", "expire_date": "2018-12-24T20:28:26.204Z"}}, {"model": "sessions.session", "pk": "8pkgdvfijrgfcmyyoqwrbopn34hsv9if", "fields": {"session_data": "M2M2YzI2MWEyODQzNjJkYWFhMGI1YTE0NTFlZTE2ZDVhOWU1YTg1ZTp7InJlZmVyZXIiOiIzMiIsInJlZl9jb3VudGVkIjp0cnVlfQ==", "expire_date": "2019-02-21T01:53:49.787Z"}}, {"model": "sessions.session", "pk": "8up276h78t6j6uaglb1v0hxdifhrp4n7", "fields": {"session_data": "ODM4ZDU5ODczYTVlNjQ1YmUyYjExM2YwN2Y1ZjdlMTQzNDI1OGQwYzp7fQ==", "expire_date": "2019-01-20T17:02:45.976Z"}}, {"model": "sessions.session", "pk": "8vcbcov5u6dr99vzwnoue6xiqwnyfsj6", "fields": {"session_data": "Y2VjNzNjNWQ3ZmIwNGQ4ZjkzMzNiZTA2Y2M0Y2ZhNDNhOTQ2NzEwOTp7InJlZmVyZXIiOiIzMSIsInJlZl9jb3VudGVkIjp0cnVlLCJfYXV0aF91c2VyX2lkIjoiMTgiLCJfYXV0aF91c2VyX2JhY2tlbmQiOiJkamFuZ28uY29udHJpYi5hdXRoLmJhY2tlbmRzLk1vZGVsQmFja2VuZCIsIl9hdXRoX3VzZXJfaGFzaCI6IjMwYzhlMGU5MGRjMTMxMmU3ZmYzNGUzMDY5ZWI3MDBkY2Q3ZDFjNDQifQ==", "expire_date": "2019-02-14T00:59:26.853Z"}}, {"model": "sessions.session", "pk": "8w08ymvtw5xsrv8mfs9h2u7lqzct1gob", "fields": {"session_data": "MjIwYWU5ZmM2MGJmMTk5NzhjN2NiMTI0ZjIxZmRlZmNlODUwMTU3Zjp7Il9hdXRoX3VzZXJfaWQiOiIxIiwiX2F1dGhfdXNlcl9iYWNrZW5kIjoiZGphbmdvLmNvbnRyaWIuYXV0aC5iYWNrZW5kcy5Nb2RlbEJhY2tlbmQiLCJfYXV0aF91c2VyX2hhc2giOiI4YjM4NTUzZWE5ODhlNTI5NmY0NTMzYjRhZjM2ZDJhZjcxMjQ3YzU0In0=", "expire_date": "2019-01-07T20:56:33.531Z"}}, {"model": "sessions.session", "pk": "9sipfwwbnmfekm2vdpd7rk41u9lex50o", "fields": {"session_data": "ODM4ZDU5ODczYTVlNjQ1YmUyYjExM2YwN2Y1ZjdlMTQzNDI1OGQwYzp7fQ==", "expire_date": "2019-02-20T21:49:57.880Z"}}, {"model": "sessions.session", "pk": "akvkfsqrz4vpaj7o84xx5ae8rlma30eo", "fields": {"session_data": "ODM4ZDU5ODczYTVlNjQ1YmUyYjExM2YwN2Y1ZjdlMTQzNDI1OGQwYzp7fQ==", "expire_date": "2019-01-20T18:45:14.449Z"}}, {"model": "sessions.session", "pk": "b14x4b1g453ro1kpgngod5rxs5subkqx", "fields": {"session_data": "ODM4ZDU5ODczYTVlNjQ1YmUyYjExM2YwN2Y1ZjdlMTQzNDI1OGQwYzp7fQ==", "expire_date": "2019-02-13T21:16:36.556Z"}}, {"model": "sessions.session", "pk": "blekeyjgzzkzo2qybzqs69cvrqnrha4k", "fields": {"session_data": "ODM4ZDU5ODczYTVlNjQ1YmUyYjExM2YwN2Y1ZjdlMTQzNDI1OGQwYzp7fQ==", "expire_date": "2019-02-17T19:13:04.628Z"}}, {"model": "sessions.session", "pk": "bmekgbxiywv6t3q4j8bs9ikzifnecwhh", "fields": {"session_data": "MjIwYWU5ZmM2MGJmMTk5NzhjN2NiMTI0ZjIxZmRlZmNlODUwMTU3Zjp7Il9hdXRoX3VzZXJfaWQiOiIxIiwiX2F1dGhfdXNlcl9iYWNrZW5kIjoiZGphbmdvLmNvbnRyaWIuYXV0aC5iYWNrZW5kcy5Nb2RlbEJhY2tlbmQiLCJfYXV0aF91c2VyX2hhc2giOiI4YjM4NTUzZWE5ODhlNTI5NmY0NTMzYjRhZjM2ZDJhZjcxMjQ3YzU0In0=", "expire_date": "2019-01-23T17:33:34.627Z"}}, {"model": "sessions.session", "pk": "brytrc75d0vxzbhdqv9oj13y5oodsk5g", "fields": {"session_data": "MTg3YzRjNjA4NzgzZTBmOGVmZDA4MWUyZGFmYTljNzRkOTQ0MTkyODp7Il9hdXRoX3VzZXJfaWQiOiIxOCIsIl9hdXRoX3VzZXJfYmFja2VuZCI6ImRqYW5nby5jb250cmliLmF1dGguYmFja2VuZHMuTW9kZWxCYWNrZW5kIiwiX2F1dGhfdXNlcl9oYXNoIjoiMzBjOGUwZTkwZGMxMzEyZTdmZjM0ZTMwNjllYjcwMGRjZDdkMWM0NCIsInJlZmVyZXIiOiIzNCIsInJlZl9jb3VudGVkIjp0cnVlfQ==", "expire_date": "2019-02-21T01:23:35.253Z"}}, {"model": "sessions.session", "pk": "bt92aeaf4z9yh6j0g3likvippc2bv9ae", "fields": {"session_data": "ODM4ZDU5ODczYTVlNjQ1YmUyYjExM2YwN2Y1ZjdlMTQzNDI1OGQwYzp7fQ==", "expire_date": "2019-01-23T11:21:46.924Z"}}, {"model": "sessions.session", "pk": "c1a8diccip6q57fh545zcy7tp2r6s9mm", "fields": {"session_data": "ODM4ZDU5ODczYTVlNjQ1YmUyYjExM2YwN2Y1ZjdlMTQzNDI1OGQwYzp7fQ==", "expire_date": "2019-02-13T19:04:28.290Z"}}, {"model": "sessions.session", "pk": "c24tnvth7rlhwrpdfczqc0aztyibdcfd", "fields": {"session_data": "ODM4ZDU5ODczYTVlNjQ1YmUyYjExM2YwN2Y1ZjdlMTQzNDI1OGQwYzp7fQ==", "expire_date": "2019-01-19T16:22:36.435Z"}}, {"model": "sessions.session", "pk": "cn4cneexz61g5z1j1y28w5pbytqjsp7k", "fields": {"session_data": "MDUyODFmODNmMjA5Y2Y0MWQwYmZkOTM5ZjhjYjZjZTNkZDkxNWE4MTp7InJlZmVyZXIiOjI5LCJyZWZfY291bnRlZCI6dHJ1ZSwiX2F1dGhfdXNlcl9pZCI6IjE4IiwiX2F1dGhfdXNlcl9iYWNrZW5kIjoiZGphbmdvLmNvbnRyaWIuYXV0aC5iYWNrZW5kcy5Nb2RlbEJhY2tlbmQiLCJfYXV0aF91c2VyX2hhc2giOiIzMGM4ZTBlOTBkYzEzMTJlN2ZmMzRlMzA2OWViNzAwZGNkN2QxYzQ0In0=", "expire_date": "2019-02-14T00:24:50.491Z"}}, {"model": "sessions.session", "pk": "cwwx1igsbdbnkuz1e28dk6d9f33sfqkt", "fields": {"session_data": "MjIwYWU5ZmM2MGJmMTk5NzhjN2NiMTI0ZjIxZmRlZmNlODUwMTU3Zjp7Il9hdXRoX3VzZXJfaWQiOiIxIiwiX2F1dGhfdXNlcl9iYWNrZW5kIjoiZGphbmdvLmNvbnRyaWIuYXV0aC5iYWNrZW5kcy5Nb2RlbEJhY2tlbmQiLCJfYXV0aF91c2VyX2hhc2giOiI4YjM4NTUzZWE5ODhlNTI5NmY0NTMzYjRhZjM2ZDJhZjcxMjQ3YzU0In0=", "expire_date": "2019-01-25T19:20:04.605Z"}}, {"model": "sessions.session", "pk": "d2yochkb3wjbtzvv8cysigryqkzq0jyw", "fields": {"session_data": "ODM4ZDU5ODczYTVlNjQ1YmUyYjExM2YwN2Y1ZjdlMTQzNDI1OGQwYzp7fQ==", "expire_date": "2019-02-14T03:07:36.959Z"}}, {"model": "sessions.session", "pk": "dbb4lem8vst4ql54u96692m111bv58ji", "fields": {"session_data": "ODM4ZDU5ODczYTVlNjQ1YmUyYjExM2YwN2Y1ZjdlMTQzNDI1OGQwYzp7fQ==", "expire_date": "2019-04-13T00:12:09.545Z"}}, {"model": "sessions.session", "pk": "dr08fwjfk0pp1nhrzdkxvtswo5lyievf", "fields": {"session_data": "ZGYyYzI4ZTVkZGVhNDM1YWZlMDg1ODc1ZDk5ZDU2MDU3ZmFlNjgxZjp7InJlZmVyZXIiOiIzMSIsInJlZl9jb3VudGVkIjp0cnVlfQ==", "expire_date": "2019-02-20T13:14:14.835Z"}}, {"model": "sessions.session", "pk": "drpse6m88f8hbbx01e90d8z5u0sh4ry3", "fields": {"session_data": "ODM4ZDU5ODczYTVlNjQ1YmUyYjExM2YwN2Y1ZjdlMTQzNDI1OGQwYzp7fQ==", "expire_date": "2019-01-05T14:32:02.912Z"}}, {"model": "sessions.session", "pk": "e89bwu852m2nktm99636jinua5oo5cv1", "fields": {"session_data": "ODM4ZDU5ODczYTVlNjQ1YmUyYjExM2YwN2Y1ZjdlMTQzNDI1OGQwYzp7fQ==", "expire_date": "2019-02-10T17:50:36.496Z"}}, {"model": "sessions.session", "pk": "ef4ee1phxp72vym2992js2al2xufuwg9", "fields": {"session_data": "ODM4ZDU5ODczYTVlNjQ1YmUyYjExM2YwN2Y1ZjdlMTQzNDI1OGQwYzp7fQ==", "expire_date": "2019-02-27T13:11:49.466Z"}}, {"model": "sessions.session", "pk": "eyihjyyyf4ix7k1ij9dvb48m6cwotytl", "fields": {"session_data": "ODM4ZDU5ODczYTVlNjQ1YmUyYjExM2YwN2Y1ZjdlMTQzNDI1OGQwYzp7fQ==", "expire_date": "2019-01-28T22:37:01.091Z"}}, {"model": "sessions.session", "pk": "f84n6m70zrpqdhhuamuthemmp19o0jxg", "fields": {"session_data": "Y2Y0OTBmMWJjZmE5OWEwYTI3NTRhNGZhN2ZjZmQxMWMyNzA3ZWVkNzp7InJlZmVyZXIiOiIzNCIsInJlZl9jb3VudGVkIjp0cnVlfQ==", "expire_date": "2019-02-21T01:33:52.510Z"}}, {"model": "sessions.session", "pk": "fi9u2o8ew9hbzvx8m9o0z1xpogggsz58", "fields": {"session_data": "NDE2N2UxYjU4NGFiYzgyMTIxZjg5NTI5NjFiMDU4MzZkMmVlOTI2ZDp7Il9hdXRoX3VzZXJfaWQiOiIzNyIsIl9hdXRoX3VzZXJfYmFja2VuZCI6ImRqYW5nby5jb250cmliLmF1dGguYmFja2VuZHMuTW9kZWxCYWNrZW5kIiwiX2F1dGhfdXNlcl9oYXNoIjoiYTc2NzViNzk4Y2E5NDVjNDFkMDAzNmE5NTg4MjJhZDVlNzczNjg5OCJ9", "expire_date": "2019-02-28T09:57:11.778Z"}}, {"model": "sessions.session", "pk": "fqx0pecz499w23z3lk0lvkc01ksityxc", "fields": {"session_data": "ODM4ZDU5ODczYTVlNjQ1YmUyYjExM2YwN2Y1ZjdlMTQzNDI1OGQwYzp7fQ==", "expire_date": "2019-01-19T16:22:08.971Z"}}, {"model": "sessions.session", "pk": "h46vayt7ly9ht2es4v6v5umfqlj1nv40", "fields": {"session_data": "ODM4ZDU5ODczYTVlNjQ1YmUyYjExM2YwN2Y1ZjdlMTQzNDI1OGQwYzp7fQ==", "expire_date": "2019-02-12T23:56:14.083Z"}}, {"model": "sessions.session", "pk": "hbtuvq7b84vo301rajdsc5ci552keixh", "fields": {"session_data": "ODM4ZDU5ODczYTVlNjQ1YmUyYjExM2YwN2Y1ZjdlMTQzNDI1OGQwYzp7fQ==", "expire_date": "2019-01-20T16:46:00.190Z"}}, {"model": "sessions.session", "pk": "hihlosmujlyp0ed737x99ibjh7e1zzzo", "fields": {"session_data": "NDJjNzkwMDM5Njk2ZmQ4YjNlZTgyMDljN2FmNTA4YWU3NGExY2M5Zjp7Il9hdXRoX3VzZXJfaWQiOiIxOCIsIl9hdXRoX3VzZXJfYmFja2VuZCI6ImRqYW5nby5jb250cmliLmF1dGguYmFja2VuZHMuTW9kZWxCYWNrZW5kIiwiX2F1dGhfdXNlcl9oYXNoIjoiMzBjOGUwZTkwZGMxMzEyZTdmZjM0ZTMwNjllYjcwMGRjZDdkMWM0NCJ9", "expire_date": "2019-02-18T09:33:14.877Z"}}, {"model": "sessions.session", "pk": "i0ypc79wus4l25e32rqrq2me8t0w1ibg", "fields": {"session_data": "ODM4ZDU5ODczYTVlNjQ1YmUyYjExM2YwN2Y1ZjdlMTQzNDI1OGQwYzp7fQ==", "expire_date": "2019-03-01T15:01:40.813Z"}}, {"model": "sessions.session", "pk": "iwx71dzeg7j7eodscxms2awhdhh3l4zz", "fields": {"session_data": "ODM4ZDU5ODczYTVlNjQ1YmUyYjExM2YwN2Y1ZjdlMTQzNDI1OGQwYzp7fQ==", "expire_date": "2019-02-13T08:40:56.626Z"}}, {"model": "sessions.session", "pk": "j543k3p6nf3raeys9vs6qs4yygot35vt", "fields": {"session_data": "Y2Y0OTBmMWJjZmE5OWEwYTI3NTRhNGZhN2ZjZmQxMWMyNzA3ZWVkNzp7InJlZmVyZXIiOiIzNCIsInJlZl9jb3VudGVkIjp0cnVlfQ==", "expire_date": "2019-02-21T01:59:17.188Z"}}, {"model": "sessions.session", "pk": "j5ikyp2uwyu30pvuzeir7hhb4z04m5bz", "fields": {"session_data": "ODM4ZDU5ODczYTVlNjQ1YmUyYjExM2YwN2Y1ZjdlMTQzNDI1OGQwYzp7fQ==", "expire_date": "2019-02-13T19:03:18.535Z"}}, {"model": "sessions.session", "pk": "jfnpa2ceqr0t6ke91mtfiza9snah2oy7", "fields": {"session_data": "ODM4ZDU5ODczYTVlNjQ1YmUyYjExM2YwN2Y1ZjdlMTQzNDI1OGQwYzp7fQ==", "expire_date": "2019-02-13T19:15:59.945Z"}}, {"model": "sessions.session", "pk": "jh7byoxtmy6aa16tuywxuzl47qnjt7w2", "fields": {"session_data": "ODM4ZDU5ODczYTVlNjQ1YmUyYjExM2YwN2Y1ZjdlMTQzNDI1OGQwYzp7fQ==", "expire_date": "2019-02-13T19:20:29.307Z"}}, {"model": "sessions.session", "pk": "k1k1cw6k8xen6e72ktqeks1gvo5jujpk", "fields": {"session_data": "ODM4ZDU5ODczYTVlNjQ1YmUyYjExM2YwN2Y1ZjdlMTQzNDI1OGQwYzp7fQ==", "expire_date": "2019-04-21T22:59:04.273Z"}}, {"model": "sessions.session", "pk": "kr563mt5edq33lrvi2xmxhko19nl1j23", "fields": {"session_data": "ODM4ZDU5ODczYTVlNjQ1YmUyYjExM2YwN2Y1ZjdlMTQzNDI1OGQwYzp7fQ==", "expire_date": "2019-02-13T19:12:08.785Z"}}, {"model": "sessions.session", "pk": "l7vpkr242trgpgofxdkvizugzyuc6v0f", "fields": {"session_data": "NDJjNzkwMDM5Njk2ZmQ4YjNlZTgyMDljN2FmNTA4YWU3NGExY2M5Zjp7Il9hdXRoX3VzZXJfaWQiOiIxOCIsIl9hdXRoX3VzZXJfYmFja2VuZCI6ImRqYW5nby5jb250cmliLmF1dGguYmFja2VuZHMuTW9kZWxCYWNrZW5kIiwiX2F1dGhfdXNlcl9oYXNoIjoiMzBjOGUwZTkwZGMxMzEyZTdmZjM0ZTMwNjllYjcwMGRjZDdkMWM0NCJ9", "expire_date": "2019-02-13T22:17:32.217Z"}}, {"model": "sessions.session", "pk": "lbp5zu6btbkp6k3qhh3lsu4c11h98vig", "fields": {"session_data": "ODM4ZDU5ODczYTVlNjQ1YmUyYjExM2YwN2Y1ZjdlMTQzNDI1OGQwYzp7fQ==", "expire_date": "2019-01-27T23:14:55.050Z"}}, {"model": "sessions.session", "pk": "lmkimnyktlahd07bq3hb1anawg29nelt", "fields": {"session_data": "ODM4ZDU5ODczYTVlNjQ1YmUyYjExM2YwN2Y1ZjdlMTQzNDI1OGQwYzp7fQ==", "expire_date": "2019-01-19T16:20:40.850Z"}}, {"model": "sessions.session", "pk": "m4c03hz5gujgo8shbcv3yu88yeeecfx6", "fields": {"session_data": "ODM4ZDU5ODczYTVlNjQ1YmUyYjExM2YwN2Y1ZjdlMTQzNDI1OGQwYzp7fQ==", "expire_date": "2019-03-01T13:36:40.878Z"}}, {"model": "sessions.session", "pk": "m9rtu3wi6epfd7eppglao3hm8tkautar", "fields": {"session_data": "NTc4OGEwYTczODYzYThhNzcwNGQ3Y2IyZWY5ODVmODA3MDdlMjM4ODp7InJlZmVyZXIiOiIzMyIsInJlZl9jb3VudGVkIjp0cnVlfQ==", "expire_date": "2019-02-21T01:49:22.288Z"}}, {"model": "sessions.session", "pk": "mutxprt840pryzobx0siwkc79ctkuuza", "fields": {"session_data": "ODM4ZDU5ODczYTVlNjQ1YmUyYjExM2YwN2Y1ZjdlMTQzNDI1OGQwYzp7fQ==", "expire_date": "2019-02-12T14:46:40.492Z"}}, {"model": "sessions.session", "pk": "myo0f1psgt906xudazboczqcm64spcl4", "fields": {"session_data": "ODM4ZDU5ODczYTVlNjQ1YmUyYjExM2YwN2Y1ZjdlMTQzNDI1OGQwYzp7fQ==", "expire_date": "2019-02-28T17:39:50.406Z"}}, {"model": "sessions.session", "pk": "n5l3s8nczqdcmndc0ulns28r45m9ybga", "fields": {"session_data": "ZWE4MmEwNmZjMzQ1MjdkODczZjM0YjcxZmFhYmU4NjQ1ZWE5ZGY5MDp7Il9hdXRoX3VzZXJfaWQiOiIzMiIsIl9hdXRoX3VzZXJfYmFja2VuZCI6ImRqYW5nby5jb250cmliLmF1dGguYmFja2VuZHMuTW9kZWxCYWNrZW5kIiwiX2F1dGhfdXNlcl9oYXNoIjoiZTQ0MmU1MzY3YjNmMmQ0NmNhNDY5MzUxZmUxMmM2M2E1YWEzNzZmZSJ9", "expire_date": "2019-02-19T15:47:50.291Z"}}, {"model": "sessions.session", "pk": "nb4c2ipe66h05qjsnc0yqm0fhrp3ysgp", "fields": {"session_data": "ZDI5OTFiOTBhYjdkMDI1OGI1OTEyNTUyYTMxYTJhNjhiMjc1NDE3NDp7InJlZmVyZXIiOiIzNiIsInJlZl9jb3VudGVkIjp0cnVlLCJfYXV0aF91c2VyX2lkIjoiMzciLCJfYXV0aF91c2VyX2JhY2tlbmQiOiJkamFuZ28uY29udHJpYi5hdXRoLmJhY2tlbmRzLk1vZGVsQmFja2VuZCIsIl9hdXRoX3VzZXJfaGFzaCI6ImE3Njc1Yjc5OGNhOTQ1YzQxZDAwMzZhOTU4ODIyYWQ1ZTc3MzY4OTgifQ==", "expire_date": "2019-03-01T14:07:28.389Z"}}, {"model": "sessions.session", "pk": "o5jhmnrv8wvtok3oygifoi82kwnkql8h", "fields": {"session_data": "ODM4ZDU5ODczYTVlNjQ1YmUyYjExM2YwN2Y1ZjdlMTQzNDI1OGQwYzp7fQ==", "expire_date": "2018-12-24T13:02:07.885Z"}}, {"model": "sessions.session", "pk": "o6ujbcjbqvw7i71gwasgta4h1q1zwwui", "fields": {"session_data": "ODM4ZDU5ODczYTVlNjQ1YmUyYjExM2YwN2Y1ZjdlMTQzNDI1OGQwYzp7fQ==", "expire_date": "2019-01-05T21:15:45.949Z"}}, {"model": "sessions.session", "pk": "o7snco9f0ebsen0jtrsj5qfaf8f27k7q", "fields": {"session_data": "ODM4ZDU5ODczYTVlNjQ1YmUyYjExM2YwN2Y1ZjdlMTQzNDI1OGQwYzp7fQ==", "expire_date": "2019-01-23T10:46:52.820Z"}}, {"model": "sessions.session", "pk": "olj4m2pbfnny5mnjrfiqj6jjjzt6kufl", "fields": {"session_data": "ODM4ZDU5ODczYTVlNjQ1YmUyYjExM2YwN2Y1ZjdlMTQzNDI1OGQwYzp7fQ==", "expire_date": "2019-01-20T03:43:20.557Z"}}, {"model": "sessions.session", "pk": "onuvamedl1shi5ouoac1tve10qecb3qh", "fields": {"session_data": "ODM4ZDU5ODczYTVlNjQ1YmUyYjExM2YwN2Y1ZjdlMTQzNDI1OGQwYzp7fQ==", "expire_date": "2019-01-22T00:20:06.145Z"}}, {"model": "sessions.session", "pk": "p2wn64tb82zgzvl80gwnz9phyfdpd28y", "fields": {"session_data": "ODM4ZDU5ODczYTVlNjQ1YmUyYjExM2YwN2Y1ZjdlMTQzNDI1OGQwYzp7fQ==", "expire_date": "2019-04-13T18:42:44.030Z"}}, {"model": "sessions.session", "pk": "pmgxt5exhmfpl7koqic8edqjhvefu7yn", "fields": {"session_data": "ODM4ZDU5ODczYTVlNjQ1YmUyYjExM2YwN2Y1ZjdlMTQzNDI1OGQwYzp7fQ==", "expire_date": "2019-04-12T21:49:58.064Z"}}, {"model": "sessions.session", "pk": "po4s5rd5zdr816066x781lf2vhfqbaj3", "fields": {"session_data": "ODM4ZDU5ODczYTVlNjQ1YmUyYjExM2YwN2Y1ZjdlMTQzNDI1OGQwYzp7fQ==", "expire_date": "2019-01-19T16:20:53.091Z"}}, {"model": "sessions.session", "pk": "prigcptnh49pdfvpeztsndh6ghfvf365", "fields": {"session_data": "NTBiMTk5NjAyOTE4ZDcyYzk2ZmFhMmJiNzVhZDA5OGZhMDM5ZmY1ZTp7Il9hdXRoX3VzZXJfaWQiOiIxOCIsIl9hdXRoX3VzZXJfYmFja2VuZCI6ImRqYW5nby5jb250cmliLmF1dGguYmFja2VuZHMuTW9kZWxCYWNrZW5kIiwiX2F1dGhfdXNlcl9oYXNoIjoiMzBjOGUwZTkwZGMxMzEyZTdmZjM0ZTMwNjllYjcwMGRjZDdkMWM0NCIsInJlZmVyZXIiOiIzMyIsInJlZl9jb3VudGVkIjp0cnVlfQ==", "expire_date": "2019-02-20T13:12:39.716Z"}}, {"model": "sessions.session", "pk": "px67agivtnd2bzm9o5lyuclkdxr32lrr", "fields": {"session_data": "ZTdjZGMyNGIzYjgxYjgxN2I2YjIwODkwMGQ0N2FjNjMwMWQxODAxYTp7Il9hdXRoX3VzZXJfaWQiOiIxOCIsIl9hdXRoX3VzZXJfYmFja2VuZCI6ImRqYW5nby5jb250cmliLmF1dGguYmFja2VuZHMuTW9kZWxCYWNrZW5kIiwiX2F1dGhfdXNlcl9oYXNoIjoiMzBjOGUwZTkwZGMxMzEyZTdmZjM0ZTMwNjllYjcwMGRjZDdkMWM0NCIsInJlZmVyZXIiOiIzMSIsInJlZl9jb3VudGVkIjp0cnVlfQ==", "expire_date": "2019-02-20T15:27:38.260Z"}}, {"model": "sessions.session", "pk": "q4pbi24wtifsp6bqo3gi3mkq7drvkkj9", "fields": {"session_data": "NDE2N2UxYjU4NGFiYzgyMTIxZjg5NTI5NjFiMDU4MzZkMmVlOTI2ZDp7Il9hdXRoX3VzZXJfaWQiOiIzNyIsIl9hdXRoX3VzZXJfYmFja2VuZCI6ImRqYW5nby5jb250cmliLmF1dGguYmFja2VuZHMuTW9kZWxCYWNrZW5kIiwiX2F1dGhfdXNlcl9oYXNoIjoiYTc2NzViNzk4Y2E5NDVjNDFkMDAzNmE5NTg4MjJhZDVlNzczNjg5OCJ9", "expire_date": "2019-03-01T15:49:19.789Z"}}, {"model": "sessions.session", "pk": "qagw2mv3bjw66zf80f9zc7znt37f4jr6", "fields": {"session_data": "ODM4ZDU5ODczYTVlNjQ1YmUyYjExM2YwN2Y1ZjdlMTQzNDI1OGQwYzp7fQ==", "expire_date": "2019-01-05T14:32:20.747Z"}}, {"model": "sessions.session", "pk": "qol5nrwdlnjku2cysmqlndeilf1ikx19", "fields": {"session_data": "ODM4ZDU5ODczYTVlNjQ1YmUyYjExM2YwN2Y1ZjdlMTQzNDI1OGQwYzp7fQ==", "expire_date": "2019-04-21T15:46:34.350Z"}}, {"model": "sessions.session", "pk": "qq2xemdbralsfmwhsvg9zp21xdo1v609", "fields": {"session_data": "MzYxNjJhNjAwOTdlMzQ0ZmZhZGNkYmE1ZWI0YTk0NzJmYzg4ZThhZjp7InJlZmVyZXIiOiIzMiIsInJlZl9jb3VudGVkIjp0cnVlLCJfYXV0aF91c2VyX2lkIjoiMTgiLCJfYXV0aF91c2VyX2JhY2tlbmQiOiJkamFuZ28uY29udHJpYi5hdXRoLmJhY2tlbmRzLk1vZGVsQmFja2VuZCIsIl9hdXRoX3VzZXJfaGFzaCI6IjMwYzhlMGU5MGRjMTMxMmU3ZmYzNGUzMDY5ZWI3MDBkY2Q3ZDFjNDQifQ==", "expire_date": "2019-02-19T11:48:35.664Z"}}, {"model": "sessions.session", "pk": "r4uy1j36q769gfit7w0klcuum0fe1xuk", "fields": {"session_data": "ODM4ZDU5ODczYTVlNjQ1YmUyYjExM2YwN2Y1ZjdlMTQzNDI1OGQwYzp7fQ==", "expire_date": "2019-04-12T20:29:57.724Z"}}, {"model": "sessions.session", "pk": "r7zb3suwqat8bpnx8vafjw3pby09frvf", "fields": {"session_data": "ODM4ZDU5ODczYTVlNjQ1YmUyYjExM2YwN2Y1ZjdlMTQzNDI1OGQwYzp7fQ==", "expire_date": "2019-02-10T17:56:59.288Z"}}, {"model": "sessions.session", "pk": "rdm9alwjnjbu9ed1038gpbuyum65kj6n", "fields": {"session_data": "ODM4ZDU5ODczYTVlNjQ1YmUyYjExM2YwN2Y1ZjdlMTQzNDI1OGQwYzp7fQ==", "expire_date": "2019-01-19T16:29:34.882Z"}}, {"model": "sessions.session", "pk": "rhjjl6i405mjok2kd7dlb17pm3hv2myi", "fields": {"session_data": "NDJjNzkwMDM5Njk2ZmQ4YjNlZTgyMDljN2FmNTA4YWU3NGExY2M5Zjp7Il9hdXRoX3VzZXJfaWQiOiIxOCIsIl9hdXRoX3VzZXJfYmFja2VuZCI6ImRqYW5nby5jb250cmliLmF1dGguYmFja2VuZHMuTW9kZWxCYWNrZW5kIiwiX2F1dGhfdXNlcl9oYXNoIjoiMzBjOGUwZTkwZGMxMzEyZTdmZjM0ZTMwNjllYjcwMGRjZDdkMWM0NCJ9", "expire_date": "2019-02-13T21:12:59.057Z"}}, {"model": "sessions.session", "pk": "rjmwrjvwy9xy3bos28gws4m1u59sbpih", "fields": {"session_data": "NDE2N2UxYjU4NGFiYzgyMTIxZjg5NTI5NjFiMDU4MzZkMmVlOTI2ZDp7Il9hdXRoX3VzZXJfaWQiOiIzNyIsIl9hdXRoX3VzZXJfYmFja2VuZCI6ImRqYW5nby5jb250cmliLmF1dGguYmFja2VuZHMuTW9kZWxCYWNrZW5kIiwiX2F1dGhfdXNlcl9oYXNoIjoiYTc2NzViNzk4Y2E5NDVjNDFkMDAzNmE5NTg4MjJhZDVlNzczNjg5OCJ9", "expire_date": "2019-03-04T12:33:54.521Z"}}, {"model": "sessions.session", "pk": "rytuhqfwcr8gq13f1gpebbgs90yj1v6r", "fields": {"session_data": "ODM4ZDU5ODczYTVlNjQ1YmUyYjExM2YwN2Y1ZjdlMTQzNDI1OGQwYzp7fQ==", "expire_date": "2019-04-14T17:12:13.658Z"}}, {"model": "sessions.session", "pk": "sc8ws5t6ar7lx7zjp2nenh4e7lbb0npe", "fields": {"session_data": "ODM4ZDU5ODczYTVlNjQ1YmUyYjExM2YwN2Y1ZjdlMTQzNDI1OGQwYzp7fQ==", "expire_date": "2019-02-13T19:09:10.774Z"}}, {"model": "sessions.session", "pk": "t88e0xki9xbuywom9pvgnw2ycdjtzxow", "fields": {"session_data": "ZGYyYzI4ZTVkZGVhNDM1YWZlMDg1ODc1ZDk5ZDU2MDU3ZmFlNjgxZjp7InJlZmVyZXIiOiIzMSIsInJlZl9jb3VudGVkIjp0cnVlfQ==", "expire_date": "2019-02-21T01:58:39.354Z"}}, {"model": "sessions.session", "pk": "taui3v621x0c4b3gtu5s2dhxd59gvp1r", "fields": {"session_data": "ODM4ZDU5ODczYTVlNjQ1YmUyYjExM2YwN2Y1ZjdlMTQzNDI1OGQwYzp7fQ==", "expire_date": "2019-04-14T00:35:33.000Z"}}, {"model": "sessions.session", "pk": "u5sv3vgqro5on44w4e59l5urgga0u3a4", "fields": {"session_data": "ODM4ZDU5ODczYTVlNjQ1YmUyYjExM2YwN2Y1ZjdlMTQzNDI1OGQwYzp7fQ==", "expire_date": "2019-01-19T21:27:56.253Z"}}, {"model": "sessions.session", "pk": "uslhiascug87ec73j3ozy7zlho7g3rfs", "fields": {"session_data": "ODM4ZDU5ODczYTVlNjQ1YmUyYjExM2YwN2Y1ZjdlMTQzNDI1OGQwYzp7fQ==", "expire_date": "2019-02-13T21:31:00.023Z"}}, {"model": "sessions.session", "pk": "whjuob5kdkt8duyalg907urmvjx2lggz", "fields": {"session_data": "ODM4ZDU5ODczYTVlNjQ1YmUyYjExM2YwN2Y1ZjdlMTQzNDI1OGQwYzp7fQ==", "expire_date": "2019-02-20T21:02:27.191Z"}}, {"model": "sessions.session", "pk": "wppvvhcksk6pc20i78wf579xqjpyyft0", "fields": {"session_data": "ZGYyYzI4ZTVkZGVhNDM1YWZlMDg1ODc1ZDk5ZDU2MDU3ZmFlNjgxZjp7InJlZmVyZXIiOiIzMSIsInJlZl9jb3VudGVkIjp0cnVlfQ==", "expire_date": "2019-02-21T01:55:42.314Z"}}, {"model": "sessions.session", "pk": "wv0ym7on5cjdoy6wts400aw6z4k2s2j1", "fields": {"session_data": "ODM4ZDU5ODczYTVlNjQ1YmUyYjExM2YwN2Y1ZjdlMTQzNDI1OGQwYzp7fQ==", "expire_date": "2019-02-13T19:24:59.478Z"}}, {"model": "sessions.session", "pk": "wwluh9a0ajthjxcvhnmd130kdhyiwjmk", "fields": {"session_data": "NDJjNzkwMDM5Njk2ZmQ4YjNlZTgyMDljN2FmNTA4YWU3NGExY2M5Zjp7Il9hdXRoX3VzZXJfaWQiOiIxOCIsIl9hdXRoX3VzZXJfYmFja2VuZCI6ImRqYW5nby5jb250cmliLmF1dGguYmFja2VuZHMuTW9kZWxCYWNrZW5kIiwiX2F1dGhfdXNlcl9oYXNoIjoiMzBjOGUwZTkwZGMxMzEyZTdmZjM0ZTMwNjllYjcwMGRjZDdkMWM0NCJ9", "expire_date": "2019-02-15T15:53:40.655Z"}}, {"model": "sessions.session", "pk": "xl9be0iupdf9k54m3m33jwusce4k6i6t", "fields": {"session_data": "MDQ3YjkzMWY5NTllYmQ1NjVmNmU0YjYwZDA4YWJiNmIwMjAzNDMwMDp7InJlZmVyZXIiOjMwLCJyZWZfY291bnRlZCI6dHJ1ZSwiX2F1dGhfdXNlcl9pZCI6IjE4IiwiX2F1dGhfdXNlcl9iYWNrZW5kIjoiZGphbmdvLmNvbnRyaWIuYXV0aC5iYWNrZW5kcy5Nb2RlbEJhY2tlbmQiLCJfYXV0aF91c2VyX2hhc2giOiIzMGM4ZTBlOTBkYzEzMTJlN2ZmMzRlMzA2OWViNzAwZGNkN2QxYzQ0In0=", "expire_date": "2019-02-14T00:20:29.331Z"}}, {"model": "sessions.session", "pk": "xw3mkltrjxbmhxmdpzyj47kctqgxggca", "fields": {"session_data": "ODM4ZDU5ODczYTVlNjQ1YmUyYjExM2YwN2Y1ZjdlMTQzNDI1OGQwYzp7fQ==", "expire_date": "2019-01-20T22:52:02.491Z"}}, {"model": "sessions.session", "pk": "yazk5zwhxmwy0ne6cax49sdc5l229syz", "fields": {"session_data": "MDQ3YjkzMWY5NTllYmQ1NjVmNmU0YjYwZDA4YWJiNmIwMjAzNDMwMDp7InJlZmVyZXIiOjMwLCJyZWZfY291bnRlZCI6dHJ1ZSwiX2F1dGhfdXNlcl9pZCI6IjE4IiwiX2F1dGhfdXNlcl9iYWNrZW5kIjoiZGphbmdvLmNvbnRyaWIuYXV0aC5iYWNrZW5kcy5Nb2RlbEJhY2tlbmQiLCJfYXV0aF91c2VyX2hhc2giOiIzMGM4ZTBlOTBkYzEzMTJlN2ZmMzRlMzA2OWViNzAwZGNkN2QxYzQ0In0=", "expire_date": "2019-02-14T00:19:42.151Z"}}, {"model": "sessions.session", "pk": "yuz924n8k89aoo46gknbkzs768gzzn08", "fields": {"session_data": "ODM4ZDU5ODczYTVlNjQ1YmUyYjExM2YwN2Y1ZjdlMTQzNDI1OGQwYzp7fQ==", "expire_date": "2019-02-12T22:46:08.743Z"}}, {"model": "sessions.session", "pk": "z7mtnct8xcyc2f7mvgdwwn8hbyzqk95n", "fields": {"session_data": "ODM4ZDU5ODczYTVlNjQ1YmUyYjExM2YwN2Y1ZjdlMTQzNDI1OGQwYzp7fQ==", "expire_date": "2019-04-13T01:32:09.523Z"}}, {"model": "sessions.session", "pk": "z9myvskkm65dvc0vser6m9r94c8b6z7l", "fields": {"session_data": "NWRiYWFlN2U5ODM4OGRiYTk0ODZlM2U1ZGNhOTY3YTY3MDI3NzQzNDp7Il9hdXRoX3VzZXJfaWQiOiIzNSIsIl9hdXRoX3VzZXJfYmFja2VuZCI6ImRqYW5nby5jb250cmliLmF1dGguYmFja2VuZHMuTW9kZWxCYWNrZW5kIiwiX2F1dGhfdXNlcl9oYXNoIjoiN2RjNDk1M2MyYzJlYmM4MmZkYWIzYmEwYWExOGYzZTUwMTZkNGVhNSJ9", "expire_date": "2019-02-22T01:06:52.618Z"}}, {"model": "sessions.session", "pk": "zclsl7s9un8s9lz3akxsj819533wndfw", "fields": {"session_data": "ODViMzI2MmFhNjFhZjZmOGQxNDViNDllNzA0NmRjZDhmYzdkNTE2NDp7InJlZmVyZXIiOjMwfQ==", "expire_date": "2019-02-13T23:53:09.288Z"}}, {"model": "sessions.session", "pk": "zgk4p7k1etdtxgx4br0f9na0w97c751w", "fields": {"session_data": "NWRiYWFlN2U5ODM4OGRiYTk0ODZlM2U1ZGNhOTY3YTY3MDI3NzQzNDp7Il9hdXRoX3VzZXJfaWQiOiIzNSIsIl9hdXRoX3VzZXJfYmFja2VuZCI6ImRqYW5nby5jb250cmliLmF1dGguYmFja2VuZHMuTW9kZWxCYWNrZW5kIiwiX2F1dGhfdXNlcl9oYXNoIjoiN2RjNDk1M2MyYzJlYmM4MmZkYWIzYmEwYWExOGYzZTUwMTZkNGVhNSJ9", "expire_date": "2019-02-23T21:57:41.784Z"}}, {"model": "landing.landpost", "pk": 1, "fields": {"title": "none", "description": "none", "content": "<div class=\"card text-center w-100\">\r\n<div class=\"card-body p-3\">\r\n<h4>\u0422\u043e\u0440\u0433\u0443\u0439\u0442\u0435 \u0432\u043c\u0435\u0441\u0442\u0435 \u0441 \u043d\u0430\u043c\u0438 \u043d\u0430 \u0444\u0438\u043d\u0430\u043d\u0441\u043e\u0432\u044b\u0445 \u0440\u044b\u043d\u043a\u0430\u0445!</h4>\r\n</div>\r\n<div class=\"card-footer p-1\">\r\n<h5>\u041f\u0440\u0438\u0441\u043e\u0435\u0434\u0438\u043d\u044f\u0439\u0442\u0435\u0441\u044c \u043a \u0443\u0441\u043f\u0435\u0445\u0443 \u043d\u0430\u0448\u0435\u0439 \u043a\u043e\u043c\u0430\u043d\u0434\u044b!</h5>\r\n</div>\r\n</div>", "order_render": 0, "is_active": false, "created": "2019-02-12T12:52:42.145Z", "updated": "2019-02-15T16:00:09.456Z"}}, {"model": "landing.landpost", "pk": 2, "fields": {"title": "none", "description": "none", "content": "<div class=\"card-deck mw-auto\">\r\n<div class=\"card main-card\">\r\n<div class=\"card-header\">\r\n<h5 class=\"card-title mb-1\">\u041e\u0431\u0443\u0447\u0435\u043d\u0438\u0435</h5>\r\n</div>\r\n<div class=\"card-body  text-center\">\r\n<p class=\"card-text\">\u041f\u0440\u043e\u0444\u0435\u0441\u0441\u0438\u043e\u043d\u0430\u043b\u044b \u043d\u0430\u0448\u0435\u0439 \u043a\u043e\u043c\u0430\u043d\u0434\u044b \u043e\u0431\u0443\u0447\u0430\u0442 \u0432\u0430\u0441 \u0442\u043e\u0440\u0433\u043e\u0432\u0430\u0442\u044c \u043f\u0440\u0438\u0431\u044b\u043b\u044c\u043d\u043e \u043d\u0430 \u0441\u0440\u043e\u0447\u043d\u043e\u043c, \u0444\u043e\u043d\u0434\u043e\u0432\u043e\u043c \u0438\u043b\u0438 Forex \u0440\u044b\u043d\u043a\u0430\u0445. \u0418\u0445 \u043e\u0433\u0440\u043e\u043c\u043d\u044b\u0439 \u043e\u043f\u044b\u0442 \u0438\u0441\u043a\u043b\u044e\u0447\u0438\u0442\u0435\u043b\u0435\u043d \u0438 \u0443\u043d\u0438\u043a\u0430\u043b\u0435\u043d.</p>\r\n</div>\r\n</div>\r\n<div class=\"card main-card\">\r\n<div class=\"card-header\">\r\n<h5 class=\"card-title mb-1\">\u041a\u043b\u0443\u0431</h5>\r\n</div>\r\n<div class=\"card-body  text-center\">\r\n<p class=\"card-text\">\u0422\u043e\u0440\u0433\u043e\u0432\u043b\u044f \u0432 \u043e\u0434\u0438\u043d\u043e\u0447\u043a\u0443 - \u044d\u0442\u043e \u043d\u0438\u0437\u043a\u0430\u044f \u0432\u0435\u0440\u043e\u044f\u0442\u043d\u043e\u0441\u0442\u044c \u043f\u043e\u043b\u0443\u0447\u0435\u043d\u0438\u044f \u0434\u043e\u0445\u043e\u0434\u0430 \u0438 \u043f\u043e\u0432\u044b\u0448\u0435\u043d\u043d\u044b\u0435 \u0440\u0438\u0441\u043a\u0438. \u0422\u043e\u0440\u0433\u043e\u0432\u043b\u044f \u0432 \u043a\u043e\u043c\u0430\u043d\u0434\u0435 \u0443\u0432\u0435\u043b\u0438\u0447\u0438\u0432\u0430\u0435\u0442 \u0432\u0430\u0448\u0438 \u0448\u0430\u043d\u0441\u044b \u043d\u0430 \u0443\u0441\u043f\u0435\u0445. \u0421\u0442\u0430\u043d\u044c\u0442\u0435 \u0447\u043b\u0435\u043d\u043e\u043c \u043d\u0430\u0448\u0435\u0433\u043e \u043a\u043b\u0443\u0431\u0430 \u0438 \u0434\u0435\u043b\u0438\u0442\u0435\u0441\u044c \u043e\u043f\u044b\u0442\u043e\u043c \u0441 \u0434\u0440\u0443\u0433\u0438\u043c\u0438 \u0435\u0434\u0438\u043d\u043e\u043c\u044b\u0448\u043b\u0435\u043d\u043d\u0438\u043a\u0430\u043c\u0438.</p>\r\n</div>\r\n</div>\r\n<div class=\"card main-card\">\r\n<div class=\"card-header\">\r\n<h5 class=\"card-title mb-1\">\u041c\u0435\u0440\u043e\u043f\u0440\u0438\u044f\u0442\u0438\u044f</h5>\r\n</div>\r\n<div class=\"card-body text-center \">\r\n<p class=\"card-text\">\u0423\u0447\u0438\u0442\u0435\u0441\u044c \u043d\u0430 \u0447\u0443\u0436\u0438\u0445 \u043e\u0448\u0438\u0431\u043a\u0430\u0445. \u041e\u0431\u0449\u0430\u0439\u0442\u0435\u0441\u044c \u0441 \u0442\u0435\u043c\u0438, \u043a\u0442\u043e \u0434\u043e\u043b\u0433\u043e\u0441\u0440\u043e\u0447\u043d\u043e \u0438\u043c\u0435\u0435\u0442 \u043f\u0440\u0438\u0431\u044b\u043b\u044c \u043d\u0430 \u0444\u0438\u043d\u0430\u043d\u0441\u043e\u0432\u044b\u0445 \u0440\u044b\u043d\u043a\u0430\u0445 \u0432\u0441\u0435\u0433\u043e \u043c\u0438\u0440\u0430. \u041f\u043e\u0437\u043d\u0430\u043a\u043e\u043c\u044c\u0442\u0435\u0441\u044c \u0441 \u0442\u0440\u0435\u0439\u0434\u0438\u043d\u0433\u043e\u043c \u043f\u0440\u044f\u043c\u043e \u0441\u0435\u0439\u0447\u0430\u0441.</p>\r\n</div>\r\n</div>\r\n</div>", "order_render": 0, "is_active": true, "created": "2019-02-12T13:40:21.538Z", "updated": "2019-02-18T22:40:26.057Z"}}, {"model": "landing.landpost", "pk": 4, "fields": {"title": "button", "description": "button", "content": "<div class=\"btn btn-dark btn-lg btn-block btn-main\">\u0423\u0437\u043d\u0430\u0442\u044c \u043f\u043e\u0434\u0440\u043e\u0431\u043d\u0435\u0435</div>", "order_render": 0, "is_active": false, "created": "2019-02-12T19:47:59.676Z", "updated": "2019-02-15T15:59:51.162Z"}}, {"model": "landing.callmecontact", "pk": 5, "fields": {"contact_name": "ewfqef", "contact_phone": "+79257182114", "referal": null, "is_emailed": false, "created": "2019-02-15T15:33:08.611Z", "updated": "2019-02-15T15:33:08.611Z"}}, {"model": "landing.callmecontact", "pk": 6, "fields": {"contact_name": "test1", "contact_phone": "+79257814596", "referal": null, "is_emailed": true, "created": "2019-02-15T15:36:25.859Z", "updated": "2019-02-15T15:36:25.859Z"}}, {"model": "landing.callmecontact", "pk": 7, "fields": {"contact_name": "adawd", "contact_phone": "+79257182142", "referal": null, "is_emailed": false, "created": "2019-02-18T13:32:46.739Z", "updated": "2019-02-18T13:32:46.740Z"}}, {"model": "landing.mainformcontact", "pk": 8, "fields": {"contact_name": "kjnl1", "contact_phone": "+79257182114", "contact_email": "max@sa.de", "referal": null, "is_emailed": false, "created": "2019-02-15T12:00:43.613Z", "updated": "2019-02-15T12:00:43.613Z"}}, {"model": "landing.mainformcontact", "pk": 9, "fields": {"contact_name": "wer", "contact_phone": "+79855555555", "contact_email": "qwer@fs.tr", "referal": null, "is_emailed": false, "created": "2019-03-29T12:56:01.542Z", "updated": "2019-03-29T12:56:01.542Z"}}, {"model": "landing.mainformcontact", "pk": 10, "fields": {"contact_name": "wqeq", "contact_phone": "+74996565656", "contact_email": null, "referal": null, "is_emailed": false, "created": "2019-03-29T13:00:03.404Z", "updated": "2019-03-29T13:00:03.404Z"}}, {"model": "landing.mainformcontact", "pk": 11, "fields": {"contact_name": "wdad", "contact_phone": "+79989898989", "contact_email": "qwer@fs.tr", "referal": null, "is_emailed": false, "created": "2019-04-08T11:19:49.420Z", "updated": "2019-04-08T11:19:49.420Z"}}, {"model": "landing.mainformcontact", "pk": 12, "fields": {"contact_name": "wdad", "contact_phone": "+79989898989", "contact_email": "qwer@fs.tr", "referal": null, "is_emailed": false, "created": "2019-04-08T12:39:56.231Z", "updated": "2019-04-08T12:39:56.231Z"}}, {"model": "landing.mainformcontact", "pk": 13, "fields": {"contact_name": "asas", "contact_phone": "+79855555555", "contact_email": "qwer@fs.tr", "referal": null, "is_emailed": false, "created": "2019-04-08T12:44:24.868Z", "updated": "2019-04-08T12:44:24.868Z"}}, {"model": "landing.mainformcontact", "pk": 14, "fields": {"contact_name": "wdawd", "contact_phone": "+79888745555", "contact_email": "asd@r.re", "referal": null, "is_emailed": false, "created": "2019-04-08T12:46:16.449Z", "updated": "2019-04-08T12:46:16.449Z"}}, {"model": "landing.mainformcontact", "pk": 15, "fields": {"contact_name": "wdad", "contact_phone": "+79855555555", "contact_email": "qwer@fs.tr", "referal": null, "is_emailed": false, "created": "2019-04-08T12:50:43.012Z", "updated": "2019-04-08T12:50:43.012Z"}}, {"model": "orders.status_order", "pk": 1, "fields": {"status_name": "open", "is_active": true, "created": "2018-11-15T16:12:26.233Z", "updated": "2018-11-15T16:12:26.233Z"}}, {"model": "orders.productinbasket", "pk": 232, "fields": {"pb_session_key": "o5jhmnrv8wvtok3oygifoi82kwnkql8h", "pb_order": null, "pb_product": null, "pb_qty": 1, "pb_price_per_item": "1500.00", "pb_total_price": "1500.00", "pb_is_active": true, "pb_created": "2018-12-10T14:28:24.162Z", "pb_updated": "2018-12-10T14:28:24.162Z"}}, {"model": "orders.productinbasket", "pk": 233, "fields": {"pb_session_key": "865ogqrno9zj19570vhj3wfgyap0a429", "pb_order": null, "pb_product": null, "pb_qty": 2, "pb_price_per_item": "1500.00", "pb_total_price": "3000.00", "pb_is_active": false, "pb_created": "2018-12-12T22:02:47.158Z", "pb_updated": "2018-12-13T10:45:19.868Z"}}, {"model": "orders.productinbasket", "pk": 234, "fields": {"pb_session_key": "865ogqrno9zj19570vhj3wfgyap0a429", "pb_order": null, "pb_product": null, "pb_qty": 1, "pb_price_per_item": "2500.00", "pb_total_price": "2500.00", "pb_is_active": false, "pb_created": "2018-12-12T22:02:49.862Z", "pb_updated": "2018-12-12T22:02:49.862Z"}}, {"model": "orders.productinbasket", "pk": 235, "fields": {"pb_session_key": "865ogqrno9zj19570vhj3wfgyap0a429", "pb_order": null, "pb_product": null, "pb_qty": 17, "pb_price_per_item": "140.00", "pb_total_price": "2380.00", "pb_is_active": true, "pb_created": "2018-12-13T13:33:47.036Z", "pb_updated": "2018-12-16T23:06:40.595Z"}}, {"model": "orders.productinbasket", "pk": 236, "fields": {"pb_session_key": "865ogqrno9zj19570vhj3wfgyap0a429", "pb_order": null, "pb_product": null, "pb_qty": 4, "pb_price_per_item": "2500.00", "pb_total_price": "10000.00", "pb_is_active": true, "pb_created": "2018-12-13T17:46:30.787Z", "pb_updated": "2018-12-16T20:44:22.392Z"}}, {"model": "orders.productinbasket", "pk": 237, "fields": {"pb_session_key": "865ogqrno9zj19570vhj3wfgyap0a429", "pb_order": null, "pb_product": null, "pb_qty": 1, "pb_price_per_item": "1400.00", "pb_total_price": "1400.00", "pb_is_active": false, "pb_created": "2018-12-16T03:55:13.780Z", "pb_updated": "2018-12-16T03:55:13.780Z"}}, {"model": "orders.productinbasket", "pk": 238, "fields": {"pb_session_key": "865ogqrno9zj19570vhj3wfgyap0a429", "pb_order": null, "pb_product": null, "pb_qty": 6, "pb_price_per_item": "1500.00", "pb_total_price": "9000.00", "pb_is_active": false, "pb_created": "2018-12-16T04:17:37.901Z", "pb_updated": "2018-12-16T04:22:41.338Z"}}, {"model": "orders.productinbasket", "pk": 239, "fields": {"pb_session_key": "865ogqrno9zj19570vhj3wfgyap0a429", "pb_order": null, "pb_product": null, "pb_qty": 1, "pb_price_per_item": "1500.00", "pb_total_price": "1500.00", "pb_is_active": true, "pb_created": "2018-12-17T21:19:34.443Z", "pb_updated": "2018-12-17T21:19:34.443Z"}}, {"model": "orders.productinbasket", "pk": 240, "fields": {"pb_session_key": "wq1nbq9icncwjiel0u209809prmqqh84", "pb_order": null, "pb_product": null, "pb_qty": 2, "pb_price_per_item": "1500.00", "pb_total_price": "3000.00", "pb_is_active": true, "pb_created": "2019-01-15T15:12:20.806Z", "pb_updated": "2019-01-15T15:12:30.985Z"}}, {"model": "products.productcategory", "pk": 2, "fields": {"name": "\u0421\u0432\u0435\u0436\u0430\u044f \u043f\u0440\u043e\u0434\u0443\u043a\u0446\u0438\u044f \u0412\u0438\u0442\u0433\u0440\u0430\u0441\u0441", "is_active": true, "created": "2018-11-04T23:59:29.553Z", "updated": "2018-11-04T23:59:29.553Z"}}, {"model": "events.eventformat", "pk": 1, "fields": {"name": "\u041e\u043d\u043b\u0430\u0439\u043d", "is_active": true, "created": "2019-03-30T14:46:14.491Z", "updated": "2019-03-30T15:20:42.425Z"}}, {"model": "events.eventformat", "pk": 2, "fields": {"name": "\u041e\u0447\u043d\u0430\u044f", "is_active": true, "created": "2019-03-30T15:20:49.750Z", "updated": "2019-03-30T15:20:49.750Z"}}, {"model": "events.eventcategory", "pk": 1, "fields": {"name": "\u041e\u0431\u0448\u0430\u044f", "is_active": true, "created": "2019-01-05T03:06:21.520Z", "updated": "2019-02-08T01:02:49.945Z"}}, {"model": "events.event", "pk": 9, "fields": {"name": "\u041f\u0441\u0438\u0445\u043e\u043b\u043e\u0433\u0438\u044f \u0442\u0440\u0435\u0439\u0434\u0438\u043d\u0433\u0430", "category": 1, "format": null, "description": "\u0422\u0440\u0435\u0439\u0434\u0435\u0440\u0430\u043c\u0438 \u043d\u0435 \u0440\u043e\u0436\u0434\u0430\u044e\u0442\u0441\u044f, \u0438\u043c\u0438 \u0441\u0442\u0430\u043d\u043e\u0432\u044f\u0442\u0441\u044f.", "is_active": true, "publicated": "2019-02-13T10:56:29Z", "event_date": "2019-02-15T10:56:29Z", "created": "2019-02-13T10:57:17.275Z", "updated": "2019-02-13T13:26:12.998Z"}}, {"model": "events.event", "pk": 10, "fields": {"name": "\u041d\u0435\u0434\u0435\u043b\u044f \u043e\u0442\u043a\u0440\u044b\u0442\u044b\u0445 \u0434\u0432\u0435\u0440\u0435\u0439", "category": 1, "format": 1, "description": "\u0412\u044b \u043c\u043e\u0436\u0435\u0442\u0435 \u0430\u0431\u0441\u043e\u043b\u044e\u0442\u043d\u043e \u0431\u0435\u0441\u043f\u043b\u0430\u0442\u043d\u043e \u043f\u0440\u0438\u0439\u0442\u0438 \u043a \u043d\u0430\u043c \u0432 \u0433\u043e\u0441\u0442\u0438 \u0438 \u043f\u043e\u0441\u043c\u043e\u0442\u0440\u0435\u0442\u044c \u043d\u0430 \u043f\u0440\u043e\u0444\u0435\u0441\u0441\u0438\u043e\u043d\u0430\u043b\u044c\u043d\u044b\u0445 \u0442\u0440\u0435\u0439\u0434\u0435\u0440\u043e\u0432 \u0437\u0430 \u0440\u0430\u0431\u043e\u0442\u043e\u0439.", "is_active": true, "publicated": "2019-02-13T13:26:48Z", "event_date": "2020-02-15T13:21:50Z", "created": "2019-02-13T13:25:41.295Z", "updated": "2019-03-30T18:46:55.384Z"}}, {"model": "events.event", "pk": 11, "fields": {"name": "\u041e\u043d\u043b\u0430\u0439\u043d \u041e\u043d\u043b\u0430\u0439\u043d \u041e\u043d\u043b\u0430\u0439\u043d", "category": 1, "format": 1, "description": "st valid one. Note that thes st valid one. Note that thesst valid one. Note that thesst valid one. Note that thesst valid one. Note that thesst valid one. Note that thes", "is_active": true, "publicated": "2019-02-14T13:25:26Z", "event_date": "2019-03-31T17:39:40Z", "created": "2019-02-14T13:25:33.264Z", "updated": "2019-03-30T18:55:29.046Z"}}, {"model": "events.event", "pk": 12, "fields": {"name": "trerte", "category": 1, "format": 1, "description": "st valid one. Note that thesA list of formats that will be accepted when inputting data on a date field. Formats will be tried in order, using the fire format strings use Python\u2019s datetime module syntax, not the format strings from the date template filter", "is_active": true, "publicated": "2019-03-30T15:11:03Z", "event_date": "2019-03-31T15:11:36Z", "created": "2019-03-30T15:11:50.534Z", "updated": "2019-03-30T18:51:15.956Z"}}, {"model": "events.event", "pk": 13, "fields": {"name": "\u0444\u0432\u0444\u044b\u0432\u0444\u044b\u0432\u0444\u044b\u0432 werfwerfw werfww", "category": 1, "format": 2, "description": "A list of formats that will be accepted when inputting data on a date field. Formats will be tried in order, using the first valid one. Note that these format strings use Python\u2019s datetime module syntax, not the format strings from the date template filter", "is_active": true, "publicated": "2019-03-30T15:21:33Z", "event_date": "2019-03-30T20:21:35Z", "created": "2019-03-30T15:22:01.836Z", "updated": "2019-03-30T18:51:01.285Z"}}, {"model": "events.statuseventjoiner", "pk": 1, "fields": {"status_name": "Open", "is_active": true, "created": "2019-02-13T11:58:22.061Z", "updated": "2019-02-13T11:58:22.062Z"}}, {"model": "events.eventjoiner", "pk": 6, "fields": {"customer_name": "\u041c\u0430\u043a\u0441\u0438\u043c \u0418\u0432\u0430\u043d\u043e\u0432\u0438\u0447 \u0421\u043c\u044b\u043a\u043e\u0432\u0441\u043a\u0438\u0439", "customer_email": "Max_Spacer@mail.ru", "customer_phone": "+79257182114", "event": 10, "referal": null, "status": 1, "is_emailed": false, "created": "2019-02-18T13:33:38.394Z", "updated": "2019-02-18T13:33:38.394Z"}}, {"model": "events.eventjoiner", "pk": 7, "fields": {"customer_name": "\u041c\u0430\u043a\u0441\u0438\u043c \u0418\u0432\u0430\u043d\u043e\u0432\u0438\u0447 \u0421\u043c\u044b\u043a\u043e\u0432\u0441\u043a\u0438\u0439", "customer_email": "Max_Spacer@mail.ru", "customer_phone": "+79257182114", "event": 10, "referal": null, "status": 1, "is_emailed": true, "created": "2019-02-18T13:34:49.457Z", "updated": "2019-02-18T13:34:49.457Z"}}, {"model": "events.eventimage", "pk": 1, "fields": {"event": 12, "image": "product_images/47.png", "is_main": true, "is_active": true, "created": "2019-03-30T15:11:50.550Z", "updated": "2019-03-30T15:11:50.550Z"}}, {"model": "events.eventimage", "pk": 2, "fields": {"event": 13, "image": "product_images/11.PNG", "is_main": true, "is_active": true, "created": "2019-03-30T15:22:01.867Z", "updated": "2019-03-30T15:22:01.867Z"}}, {"model": "events.eventimage", "pk": 3, "fields": {"event": 11, "image": "product_images/img36.png", "is_main": true, "is_active": true, "created": "2019-03-30T17:40:20.242Z", "updated": "2019-03-30T17:40:20.242Z"}}, {"model": "events.eventimage", "pk": 4, "fields": {"event": 10, "image": "product_images/img38.png", "is_main": true, "is_active": true, "created": "2019-03-30T17:41:00.702Z", "updated": "2019-03-30T17:41:00.702Z"}}, {"model": "aboutus.aboutus", "pk": 1, "fields": {"title": "\u041e \u043d\u0430\u0441.", "content": "<p>LIKWID club \u0440\u0430\u0431\u043e\u0442\u0430\u0435\u0442 \u0441 2018 \u0432 \u041c\u043e\u0441\u043a\u0432\u0435.</p>\r\n<p>\u041e\u0441\u043d\u043e\u0432\u043d\u044b\u0435 \u043d\u0430\u043f\u0440\u0430\u0432\u043b\u0435\u043d\u0438\u044f - \u0442\u043e\u0440\u0433\u043e\u0432\u043b\u044f \u043d\u0430 \u043b\u0438\u043a\u0432\u0438\u0434\u043d\u044b\u0445 \u0440\u044b\u043d\u043a\u0430\u0445, \u0441\u043e\u0437\u0434\u0430\u043d\u0438\u0435 \u0441\u043e\u043e\u0431\u0449\u0435\u0441\u0442\u0432\u0430 \u0435\u0434\u0438\u043d\u043e\u043c\u044b\u0448\u043b\u0435\u043d\u043d\u0438\u043a\u043e\u0432, \u043f\u043e\u0432\u044b\u0448\u0435\u043d\u0438\u0435 \u0444\u0438\u043d\u0430\u043d\u0441\u043e\u0432\u043e\u0439 \u0433\u0440\u0430\u043c\u043e\u0442\u043d\u043e\u0441\u0442\u0438, \u043e\u0431\u0443\u0447\u0435\u043d\u0438\u0435 \u0444\u0438\u043d\u0430\u043d\u0441\u043e\u0432\u044b\u043c \u0440\u044b\u043d\u043a\u0430\u043c, \u043e\u0440\u0433\u0430\u043d\u0438\u0437\u0430\u0446\u0438\u044f \u043c\u0435\u0440\u043e\u043f\u0440\u0438\u044f\u0442\u0438\u0439. \u041f\u0440\u0438\u043e\u0440\u0438\u0442\u0435\u0442\u043d\u043e\u0439 \u0446\u0435\u043b\u044c\u044e LIKWID \u044f\u0432\u043b\u0435\u0442\u0441\u044f \u043f\u0440\u0438\u043d\u0446\u0438\u043f\u0438\u0430\u043b\u044c\u043d\u043e\u0435 \u0441\u043e\u0431\u043b\u044e\u0434\u0435\u043d\u0438\u0435 \u043f\u0440\u0430\u0432\u0438\u043b \u043a\u043b\u0443\u0431\u0430. \u041c\u044b \u043d\u0435 \u0433\u043e\u043d\u0438\u043c\u0441\u044f \u0438 \u043d\u0435 \u043e\u0431\u0435\u0449\u0430\u0435\u043c \u0441\u0432\u0435\u0440\u0445\u043f\u0440\u0438\u0431\u044b\u043b\u044c, \u0433\u043e\u0432\u043e\u0440\u0438\u043c \u043e \u0440\u0438\u0441\u043a\u0430\u0445 \u0438 \u0443\u0447\u0438\u043c \u0440\u0430\u0431\u043e\u0442\u0430\u0442\u044c \u0441 \u043d\u0438\u043c\u0438, \u043d\u0435 \u043e\u0431\u043c\u0430\u043d\u044b\u0432\u0430\u0435\u043c \u0441\u0432\u043e\u0438\u0445 \u043a\u043b\u0438\u0435\u043d\u0442\u043e\u0432 \u0438 \u043d\u0435 \u0437\u0430\u0440\u0430\u0431\u0430\u0442\u044b\u0432\u0430\u0435\u043c \u043d\u0430 \u0438\u0445 \u043f\u043e\u0442\u0435\u0440\u044f\u0445. \u0427\u0435\u0441\u0442\u043d\u044b\u043c \u0431\u044b\u0442\u044c \u0432\u044b\u0433\u043e\u0434\u043d\u043e!</p>", "order_render": 1, "is_active": true, "created": "2019-01-14T22:22:22.265Z", "updated": "2019-02-18T12:34:40.467Z"}}, {"model": "aboutus.team", "pk": 1, "fields": {"name": "\u0410\u043b\u0435\u043a\u0441\u0430\u043d\u0434\u0440 \u041d\u0438\u043a\u0438\u0442\u0438\u043d", "service": "\u0414\u043e\u043b\u0436\u043d\u043e\u0441\u0442\u044c", "image": "team_images/43.png", "order_render": 1, "is_active": true, "created": "2019-03-29T15:38:18.436Z", "updated": "2019-03-29T15:38:27.014Z"}}, {"model": "aboutus.team", "pk": 2, "fields": {"name": "\u0410\u043b\u0435\u043a\u0441\u0430\u043d\u0434\u0440 \u041d\u0438\u043a\u0438\u0442\u0438\u043d", "service": "\u0414\u043e\u043b\u0436\u043d\u043e\u0441\u0442\u044c", "image": "team_images/42.png", "order_render": 2, "is_active": true, "created": "2019-03-29T15:38:37.264Z", "updated": "2019-03-29T15:38:37.264Z"}}, {"model": "aboutus.team", "pk": 3, "fields": {"name": "\u0410\u043b\u0435\u043a\u0441\u0430\u043d\u0434\u0440 \u041d\u0438\u043a\u0438\u0442\u0438\u043d", "service": "\u0414\u043e\u043b\u0436\u043d\u043e\u0441\u0442\u044c", "image": "team_images/44.png", "order_render": 3, "is_active": true, "created": "2019-03-29T15:38:49.263Z", "updated": "2019-03-29T15:38:49.263Z"}}, {"model": "aboutus.team", "pk": 4, "fields": {"name": "\u0410\u043b\u0435\u043a\u0441\u0430\u043d\u0434\u0440 \u041d\u0438\u043a\u0438\u0442\u0438\u043d", "service": "\u0414\u043e\u043b\u0436\u043d\u043e\u0441\u0442\u044c", "image": "team_images/48.png", "order_render": 4, "is_active": true, "created": "2019-03-29T15:39:01.279Z", "updated": "2019-03-29T15:39:01.279Z"}}, {"model": "aboutus.team", "pk": 5, "fields": {"name": "\u0410\u043b\u0435\u043a\u0441\u0430\u043d\u0434\u0440 \u041d\u0438\u043a\u0438\u0442\u0438\u043d", "service": "\u0414\u043e\u043b\u0436\u043d\u043e\u0441\u0442\u044c", "image": "team_images/47.png", "order_render": 5, "is_active": true, "created": "2019-03-29T15:39:11.497Z", "updated": "2019-03-29T15:39:11.497Z"}}, {"model": "aboutus.team", "pk": 6, "fields": {"name": "\u0410\u043b\u0435\u043a\u0441\u0430\u043d\u0434\u0440 \u041d\u0438\u043a\u0438\u0442\u0438\u043d", "service": "\u0414\u043e\u043b\u0436\u043d\u043e\u0441\u0442\u044c", "image": "team_images/45.png", "order_render": 6, "is_active": true, "created": "2019-03-29T15:39:22.295Z", "updated": "2019-03-29T15:39:22.295Z"}}, {"model": "aboutus.team", "pk": 7, "fields": {"name": "\u0410\u043b\u0435\u043a\u0441\u0430\u043d\u0434\u0440 \u041d\u0438\u043a\u0438\u0442\u0438\u043d", "service": "\u0414\u043e\u043b\u0436\u043d\u043e\u0441\u0442\u044c", "image": "team_images/41_M3Mw8pG.png", "order_render": 7, "is_active": true, "created": "2019-03-29T19:09:12.815Z", "updated": "2019-03-29T21:36:07.042Z"}}, {"model": "aboutus.team", "pk": 8, "fields": {"name": "\u0410\u043b\u0435\u043a\u0441\u0430\u043d\u0434\u0440 \u041d\u0438\u043a\u0438\u0442\u0438\u043d", "service": "\u0414\u043e\u043b\u0436\u043d\u043e\u0441\u0442\u044c", "image": "team_images/49_F5MGqQe.png", "order_render": 8, "is_active": true, "created": "2019-03-29T19:09:42.451Z", "updated": "2019-03-29T21:35:52.333Z"}}, {"model": "contacts.contacts", "pk": 1, "fields": {"title": "\u041d\u0430\u0448\u0438 \u043a\u043e\u043d\u0442\u0430\u043a\u0442\u044b.", "content": "<div class=\"d-flex flex-md-row flex-column align-items-center\">\r\n<div class=\"col-12 col-md-6\"><address><span class=\"text-monospace\">LIKWID Club.</span><br />\u0420\u043e\u0441\u0441\u0438\u0439\u0441\u043a\u0430\u044f \u0424\u0435\u0434\u0435\u0440\u0430\u0446\u0438\u044f,<br />\u0433.\u041c\u043e\u0441\u043a\u0432\u0430, \u043f\u0435\u0440\u0435\u0443\u043b\u043e\u043a \u041a\u0430\u043c\u0435\u043d\u043d\u0430\u044f \u0421\u043b\u043e\u0431\u043e\u0434\u0430, \u0434.1<br /><abbr title=\"Phone\">P:</abbr> (123) 456-7890</address><address><span class=\"text-monospace\">e-mail:</span><a href=\"mailto:\">info@likwid.ru</a></address>\r\n<p>\u041d\u0430\u0448\u0430 \u043c\u0438\u0441\u0441\u0438\u044f - \u043f\u0440\u0435\u0434\u043e\u0441\u0442\u0430\u0432\u043b\u044f\u0442\u044c \u0441\u0430\u043c\u0443\u044e \u0430\u043a\u0442\u0443\u0430\u043b\u044c\u043d\u0443\u044e \u0438\u043d\u0444\u043e\u0440\u043c\u0430\u0446\u0438\u044e \u043e \u0442\u043e\u0440\u0433\u043e\u0432\u043b\u0435 \u043d\u0430 \u043c\u0438\u0440\u043e\u0432\u043e\u043c \u0444\u0438\u043d\u0430\u043d\u0441\u043e\u0432\u043e\u043c \u0440\u044b\u043d\u043a\u0435.</p>\r\n<!-- Rights-->\r\n<p>&copy;&nbsp; <span class=\"copyright-year\">2019</span> Likwid.&nbsp;All Rights Reserved.</p>\r\n</div>\r\n<div class=\"col-12 col-md-6\"><iframe src=\"https://yandex.ru/map-widget/v1/-/CBRlVDfXCC\" width=\"100%\" height=\"250\" frameborder=\"2\" allowfullscreen=\"allowfullscreen\"></iframe></div>\r\n</div>", "order_render": 0, "is_active": true, "created": "2019-01-14T22:40:16.317Z", "updated": "2019-02-13T19:31:54.716Z"}}, {"model": "educations.educationcategory", "pk": 2, "fields": {"name": "Forex", "is_active": true, "created": "2019-02-12T23:17:20.860Z", "updated": "2019-02-12T23:17:20.860Z"}}, {"model": "educations.educationcategory", "pk": 3, "fields": {"name": "\u0424\u043e\u043d\u0434\u043e\u0432\u044b\u0439", "is_active": true, "created": "2019-02-12T23:17:41.113Z", "updated": "2019-03-30T23:47:52.430Z"}}, {"model": "educations.educationcategory", "pk": 4, "fields": {"name": "\u0421\u0440\u043e\u0447\u043d\u044b\u0439", "is_active": true, "created": "2019-02-12T23:17:53.338Z", "updated": "2019-03-30T23:47:57.427Z"}}, {"model": "educations.educationformat", "pk": 1, "fields": {"name": "\u041e\u043d\u043b\u0430\u0439\u043d", "is_active": true, "created": "2019-02-12T23:22:18.940Z", "updated": "2019-02-13T02:04:09.456Z"}}, {"model": "educations.educationformat", "pk": 2, "fields": {"name": "\u041e\u0447\u043d\u043e", "is_active": true, "created": "2019-02-12T23:22:29.243Z", "updated": "2019-03-30T23:29:52.782Z"}}, {"model": "educations.education", "pk": 1, "fields": {"name": "\u0411\u0430\u0437\u043e\u0432\u044b\u0439", "image": "educations_images/nov_r6QiVth.png", "price": "5000", "category": 2, "format": 1, "duration": 0, "invites": 0, "description": "\u041a\u0443\u0440\u0441 \u043f\u0440\u0435\u0434\u043d\u0430\u0437\u043d\u0430\u0447\u0435\u043d \u0434\u043b\u044f \u043d\u0430\u0447\u0438\u043d\u0430\u044e\u0449\u0438\u0445 \u0442\u0440\u0435\u0439\u0434\u0435\u0440\u043e\u0432, \u0434\u0435\u043b\u0430\u044e\u0449\u0438\u0445 \u043f\u0435\u0440\u0432\u044b\u0435 \u0448\u0430\u0433\u0438 \u0432 \u043e\u0431\u0443\u0447\u0435\u043d\u0438\u0438 \u0442\u043e\u0440\u0433\u043e\u0432\u043b\u0435, \u043b\u0438\u0431\u043e \u0434\u043b\u044f \u0442\u0435\u0445, \u043a\u0442\u043e \"\u0441\u0447\u0438\u0442\u0430\u0435\u0442\", \u0447\u0442\u043e \u0432\u0441\u0435 \u0437\u043d\u0430\u0435\u0442.", "is_active": true, "created": "2019-01-15T14:18:43.864Z", "updated": "2019-02-13T01:15:37.477Z", "publicated": "2019-01-15T13:49:59Z"}}, {"model": "educations.education", "pk": 2, "fields": {"name": "\u041f\u0440\u043e\u0434\u0432\u0438\u043d\u0443\u0442\u044b\u0439", "image": "educations_images/closed_pytclXM.png", "price": "30000", "category": 3, "format": 1, "duration": 0, "invites": 0, "description": "\u041a\u0443\u0440\u0441 \u043f\u0440\u0435\u0434\u043d\u0430\u0437\u043d\u0430\u0447\u0435\u043d \u0434\u043b\u044f \u0442\u0440\u0435\u0439\u0434\u0435\u0440\u043e\u0432, \u0443\u0441\u0432\u043e\u0438\u0432\u0448\u0438\u0445 \u0431\u0430\u0437\u043e\u0432\u043e\u0435 \u043f\u0440\u0435\u0434\u0441\u0442\u0430\u0432\u043b\u0435\u043d\u0438\u0435 \u043e \u0440\u0430\u0431\u043e\u0442\u0435 \u0440\u044b\u043d\u043a\u0430 \u0438 \u0444\u0443\u043d\u043a\u0446\u0438\u043e\u043d\u0430\u043b\u0430 \u0442\u043e\u0440\u0433\u043e\u0432\u043e\u0433\u043e \u0442\u0435\u0440\u043c\u0438\u043d\u0430\u043b\u0430.", "is_active": true, "created": "2019-01-15T14:30:40.359Z", "updated": "2019-02-13T00:55:56.485Z", "publicated": "2019-01-15T14:30:05Z"}}, {"model": "educations.education", "pk": 3, "fields": {"name": "\u0423\u0433\u043b\u0443\u0431\u043b\u0435\u043d\u043d\u044b\u0439", "image": "educations_images/forex_base_55osBuG.png", "price": "60000", "category": 2, "format": 2, "duration": 0, "invites": 0, "description": "\u041a\u0443\u0440\u0441 \u043f\u0440\u0435\u0434\u043d\u0430\u0437\u043d\u0430\u0447\u0435\u043d \u0434\u043b\u044f \u0442\u0440\u0435\u0439\u0434\u0435\u0440\u043e\u0432, \u0438\u043c\u0435\u044e\u0449\u0438\u043c \u043e\u043f\u044b\u0442 \u0442\u043e\u0440\u0433\u043e\u0432\u043b\u0438 \u043d\u0430 \u0440\u0435\u0430\u043b\u044c\u043d\u043e\u043c \u0441\u0447\u0435\u0442\u0435 \u0438 \u0441\u0438\u0441\u0442\u0435\u043c\u0430\u0442\u0438\u0447\u0435\u0441\u043a\u0438\u0435 \u0437\u043d\u0430\u043d\u0438\u044f \u0442\u0435\u0445\u043d\u0438\u0447\u0435\u0441\u043a\u043e\u0433\u043e \u0430\u043d\u0430\u043b\u0438\u0437\u0430.", "is_active": true, "created": "2019-01-15T14:41:43.885Z", "updated": "2019-02-13T01:28:22.643Z", "publicated": "2019-01-15T14:40:30Z"}}, {"model": "educations.education", "pk": 4, "fields": {"name": "\u042d\u043a\u0441\u043f\u0435\u0440\u0442\u043d\u044b\u0439", "image": "educations_images/closed_RPpoPDH.png", "price": "65000", "category": 4, "format": 2, "duration": 0, "invites": 0, "description": "\u0420\u044b\u043d\u043e\u043a \u043f\u0440\u043e\u0438\u0437\u0432\u043e\u0434\u043d\u044b\u0445 \u0444\u0438\u043d\u0430\u043d\u0441\u043e\u0432\u044b\u0445 \u0438\u043d\u0441\u0442\u0440\u0443\u043c\u0435\u043d\u0442\u043e\u0432 \u2014 \u044d\u0442\u043e \u0440\u044b\u043d\u043e\u043a, \u043d\u0430 \u043a\u043e\u0442\u043e\u0440\u043e\u043c \u043f\u0440\u043e\u0438\u0441\u0445\u043e\u0434\u0438\u0442 \u0437\u0430\u043a\u043b\u044e\u0447\u0435\u043d\u0438\u0435 \u0441\u0440\u043e\u0447\u043d\u044b\u0445 \u043a\u043e\u043d\u0442\u0440\u0430\u043a\u0442\u043e\u0432.", "is_active": true, "created": "2019-02-12T23:31:05.510Z", "updated": "2019-02-13T01:50:04.042Z", "publicated": "2019-02-12T23:29:13Z"}}, {"model": "educations.education", "pk": 5, "fields": {"name": "\u0410\u043b\u0435\u043a\u0441\u0430\u043d\u0434\u0440 \u041d\u0438\u043a\u0438\u0442\u0438\u043d", "image": "educations_images/img36.png", "price": "2000", "category": 2, "format": 2, "duration": 0, "invites": 0, "description": "I assume that you want to display all recipes that have \"Sub Featured Photos\".\r\n\r\nThe call recipes = Recipe.objects.filter", "is_active": true, "created": "2019-03-30T23:32:19.504Z", "updated": "2019-03-30T23:32:19.504Z", "publicated": "2019-03-30T23:30:13Z"}}, {"model": "educations.education", "pk": 6, "fields": {"name": "dfgd \u043b\u0430\u0439\u043d fdgfddfg", "image": "educations_images/img38.png", "price": "10000", "category": 2, "format": 2, "duration": 10, "invites": 0, "description": "cgnxvvbnvxeducation_item.image.url education_sdgitem.image.uafgrl educatsf_item.image.urlimage.uafgrl educatsf_item.image.urlimage.uafgrl educatsf_item.image.urlimage.uafgrl educatsf_item.image.url", "is_active": true, "created": "2019-03-31T00:06:40.984Z", "updated": "2019-03-31T23:59:40.554Z", "publicated": "2019-03-31T00:05:38Z"}}, {"model": "educations.statuseducationorder", "pk": 1, "fields": {"status_name": "open", "is_active": true, "created": "2019-02-03T23:30:26.441Z", "updated": "2019-02-03T23:30:26.441Z"}}, {"model": "educations.educationorder", "pk": 152, "fields": {"customer_name": "vsdd", "customer_email": "max_spacer@mail.ru", "customer_phone": "+79257182114", "education": 3, "referal": null, "status": 1, "is_emailed": true, "created": "2019-02-15T12:02:15.784Z", "updated": "2019-02-15T12:02:15.784Z"}}, {"model": "educations.educationplanpoint", "pk": 1, "fields": {"title": "\u0412\u0432\u043e\u0434\u043d\u043e\u0435 \u0437\u0430\u043d\u044f\u0442\u0438\u0435", "education": 6, "content": "<div class=\"row\">\r\n<div class=\"col-12 col-sm-4 py-2 pr-5 pl-0\">\r\n<h5>01</h5>\r\n<p>Similar to tables and dark tables, use the modifier classes</p>\r\n</div>\r\n<div class=\"col-12 col-sm-4 py-2 pr-5 pl-0\">\r\n<h5>02</h5>\r\n<p>Similar to tables and dark tables</p>\r\n</div>\r\n<div class=\"col-12 col-sm-4 py-2 pr-5 pl-0\">\r\n<h5>03</h5>\r\n<p>dsfff, use the modifier classes</p>\r\n</div>\r\n</div>\r\n<div class=\"row\">\r\n<div class=\"col-12 col-sm-4 py-2 pr-5 pl-0\">\r\n<h5>04</h5>\r\n<p>Similar to tables and dark tables, use the modifier classes</p>\r\n</div>\r\n<div class=\"col-12 col-sm-4 py-2 pr-5 pl-0\">\r\n<h5>05</h5>\r\n<p>Similar to tables and dark tables</p>\r\n</div>\r\n<div class=\"col-12 col-sm-4 py-2 pr-5 pl-0\">\r\n<h5>06</h5>\r\n<p>dsfff, use the modifier classes</p>\r\n</div>\r\n</div>", "order": 1, "is_active": true, "created": "2019-03-31T21:28:28.309Z", "updated": "2019-03-31T23:59:40.558Z"}}, {"model": "educations.educationplanpoint", "pk": 2, "fields": {"title": "\u0421\u0442\u0430\u0442\u0438\u0441\u0442\u0438\u043a\u0430 \u0432 \u0442\u0440\u0435\u0439\u0434\u0438\u043d\u0433\u0435", "education": 6, "content": "<div class=\"row\">\r\n<div class=\"col-12 col-sm-4 py-2 pr-5 pl-0\">\r\n<h5>01</h5>\r\n<p>Similar to tables and dark tables, use the modifier classes</p>\r\n</div>\r\n<div class=\"col-12 col-sm-4 py-2 pr-5 pl-0\">\r\n<h5>02</h5>\r\n<p>Similar to tables and dark tables</p>\r\n</div>\r\n<div class=\"col-12 col-sm-4 py-2 pr-5 pl-0\">\r\n<h5>03</h5>\r\n<p>dsfff, use the modifier classes</p>\r\n</div>\r\n</div>\r\n<div class=\"row\">\r\n<div class=\"col-12 col-sm-4 py-2 pr-5 pl-0\">\r\n<h5>04</h5>\r\n<p>Similar to tables and dark tables, use the modifier classes</p>\r\n</div>\r\n<div class=\"col-12 col-sm-4 py-2 pr-5 pl-0\">\r\n<h5>05</h5>\r\n<p>Similar to tables and dark tables</p>\r\n</div>\r\n<div class=\"col-12 col-sm-4 py-2 pr-5 pl-0\">\r\n<h5>06</h5>\r\n<p>dsfff, use the modifier classes</p>\r\n</div>\r\n</div>", "order": 2, "is_active": true, "created": "2019-03-31T21:28:28.309Z", "updated": "2019-03-31T23:59:40.559Z"}}, {"model": "educations.educationplanpoint", "pk": 3, "fields": {"title": "\u0422\u0440\u0435\u043d\u0434 \u0438 \u043a\u0430\u043d\u0430\u043b", "education": 6, "content": "<div class=\"row\">\r\n<div class=\"col-12 col-sm-4 py-2 pr-5 pl-0\">\r\n<h5>01</h5>\r\n<p>Similar to tables and dark tables, use the modifier classes</p>\r\n</div>\r\n<div class=\"col-12 col-sm-4 py-2 pr-5 pl-0\">\r\n<h5>02</h5>\r\n<p>Similar to tables and dark tables</p>\r\n</div>\r\n<div class=\"col-12 col-sm-4 py-2 pr-5 pl-0\">\r\n<h5>03</h5>\r\n<p>dsfff, use the modifier classes</p>\r\n</div>\r\n</div>\r\n<div class=\"row\">\r\n<div class=\"col-12 col-sm-4 py-2 pr-5 pl-0\">\r\n<h5>04</h5>\r\n<p>Similar to tables and dark tables, use the modifier classes</p>\r\n</div>\r\n<div class=\"col-12 col-sm-4 py-2 pr-5 pl-0\">\r\n<h5>05</h5>\r\n<p>Similar to tables and dark tables</p>\r\n</div>\r\n<div class=\"col-12 col-sm-4 py-2 pr-5 pl-0\">\r\n<h5>06</h5>\r\n<p>dsfff, use the modifier classes</p>\r\n</div>\r\n</div>", "order": 3, "is_active": true, "created": "2019-03-31T21:28:28.309Z", "updated": "2019-03-31T23:59:40.559Z"}}, {"model": "investions.investionformat", "pk": 2, "fields": {"name": "10-12%", "is_active": true, "created": "2019-04-01T14:44:23.417Z", "updated": "2019-04-01T14:44:23.417Z"}}, {"model": "investions.investionformat", "pk": 3, "fields": {"name": "10%", "is_active": true, "created": "2019-04-01T14:44:31.094Z", "updated": "2019-04-01T14:44:31.094Z"}}, {"model": "investions.investionformat", "pk": 4, "fields": {"name": ">30%", "is_active": true, "created": "2019-04-07T15:49:44.061Z", "updated": "2019-04-07T15:49:44.061Z"}}, {"model": "investions.investion", "pk": 1, "fields": {"name": "\u041c\u0430\u043b\u044b\u0439 \u043f\u043e\u0440\u0442\u0444\u0435\u043b\u044c", "image": "investions_images/img36.png", "price": "0", "category": null, "format": 3, "duration": 0, "invites": 0, "description": ": Put the Alarm Siren in the Military Garrison, it fits and is one buildings less.\r\n#1: Keep the Alarm Siren seperate, I want to have it near my other levers.", "is_disabled": false, "is_active": true, "created": "2019-04-01T14:46:39.983Z", "updated": "2019-04-01T15:05:38.834Z", "publicated": "2019-04-01T14:49:01Z"}}, {"model": "investions.investion", "pk": 2, "fields": {"name": "\u0411\u043e\u043b\u044c\u0448\u043e\u0439 \u043f\u043e\u0440\u0442\u0444\u0435\u043b\u044c", "image": "investions_images/img38.png", "price": "0", "category": null, "format": 4, "duration": 0, "invites": 0, "description": ": Put the Alarm Siin the Military Garrison, it fits and is one buildings less.\r\n#1: Keep the Alarm Siren seperate, I want to have it near my other levers.\r\n#2: I have traded with Gnomes, build Artificer and Weather Control Station.\r\n#2: I have NOT traded", "is_disabled": false, "is_active": true, "created": "2019-04-01T14:47:27.879Z", "updated": "2019-04-07T15:50:47.566Z", "publicated": "2019-04-01T14:46:43Z"}}, {"model": "investions.investion", "pk": 3, "fields": {"name": "\u0421\u0440\u0435\u0434\u043d\u0438\u0439 \u043f\u043e\u0440\u0442\u0444\u0435\u043b\u044c", "image": "investions_images/elder21eng.jpg", "price": "0", "category": null, "format": 2, "duration": 0, "invites": 0, "description": "", "is_disabled": false, "is_active": true, "created": "2019-04-01T14:51:41.801Z", "updated": "2019-04-01T14:51:41.801Z", "publicated": "2019-04-01T14:51:34Z"}}, {"model": "investions.investion", "pk": 4, "fields": {"name": "\u0411\u043e\u043b\u044c\u0448\u043e\u0439 \u043f\u043e\u0440\u0442\u0444\u0435\u043b\u044c \u0434\u043e\u043f", "image": "investions_images/forex-need-to-know.jpg", "price": "0", "category": null, "format": 2, "duration": 0, "invites": 0, "description": "Dual wielding should in theory also make use of EDGED and BLUNT weapons... I just dont know if dwarfes are clever enough to choose the right weapon for the right enemy. But the attack speed stays the same as with one weapon. You can also dual wield shields", "is_disabled": false, "is_active": true, "created": "2019-04-01T16:30:03.030Z", "updated": "2019-04-01T17:17:17.529Z", "publicated": "2019-04-01T16:25:28Z"}}, {"model": "investions.investionplanpoint", "pk": 1, "fields": {"order": 0, "title": "awd", "investion": 1, "is_active": true, "created": "2019-04-01T14:46:39.987Z", "updated": "2019-04-01T14:46:39.987Z"}}, {"model": "investions.investionplanpoint", "pk": 2, "fields": {"order": 1, "title": "Yes, in a massacre", "investion": 4, "is_active": true, "created": "2019-04-01T16:30:03.030Z", "updated": "2019-04-01T16:30:03.030Z"}}, {"model": "investions.investionplanpoint", "pk": 3, "fields": {"order": 2, "title": "Yes, in a massacreYes, in a massacre", "investion": 4, "is_active": true, "created": "2019-04-01T16:30:03.030Z", "updated": "2019-04-01T16:30:03.030Z"}}, {"model": "investions.investionplanpoint", "pk": 4, "fields": {"order": 3, "title": "Yes, in a massacre", "investion": 4, "is_active": true, "created": "2019-04-01T16:30:03.030Z", "updated": "2019-04-01T16:30:03.030Z"}}, {"model": "investions.investionplanpoint", "pk": 5, "fields": {"order": 4, "title": "Yes, in a massacre the pausing will be noticable most", "investion": 4, "is_active": true, "created": "2019-04-01T16:30:03.030Z", "updated": "2019-04-01T16:30:03.030Z"}}, {"model": "investions.investionplanpoint", "pk": 6, "fields": {"order": 5, "title": "cre the pausing will be noticable mostill be noticable most", "investion": 4, "is_active": true, "created": "2019-04-01T16:30:03.030Z", "updated": "2019-04-01T16:30:03.030Z"}}, {"model": "investions.investionplanpoint", "pk": 7, "fields": {"order": 6, "title": "Yes, in a massacre the pausing will be noticable most", "investion": 4, "is_active": true, "created": "2019-04-01T16:30:03.030Z", "updated": "2019-04-01T16:30:03.030Z"}}, {"model": "investions.investionresultpoint", "pk": 1, "fields": {"order": 1, "title": "cre the pausing will be noticable most", "investion": 4, "is_active": true, "created": "2019-04-01T16:30:03.030Z", "updated": "2019-04-01T16:30:03.030Z"}}, {"model": "investions.investionresultpoint", "pk": 2, "fields": {"order": 2, "title": "cre the pausing will be noticable most", "investion": 4, "is_active": true, "created": "2019-04-01T16:30:03.030Z", "updated": "2019-04-01T16:30:03.030Z"}}, {"model": "investions.investionresultpoint", "pk": 3, "fields": {"order": 3, "title": "cre the pausing will be noticable most", "investion": 4, "is_active": true, "created": "2019-04-01T16:30:03.030Z", "updated": "2019-04-01T16:30:03.030Z"}}, {"model": "investions.investionresultpoint", "pk": 4, "fields": {"order": 4, "title": "cre the pausing", "investion": 4, "is_active": true, "created": "2019-04-01T16:30:03.030Z", "updated": "2019-04-01T16:30:03.030Z"}}, {"model": "investions.investionresultpoint", "pk": 5, "fields": {"order": 5, "title": "cre the pausing \u0443\u043a\u0446\u043a\u0443\u0446", "investion": 4, "is_active": true, "created": "2019-04-01T16:30:03.030Z", "updated": "2019-04-01T16:30:03.030Z"}}, {"model": "investions.investionresultpoint", "pk": 6, "fields": {"order": 6, "title": "cre the pausing cre the pausing", "investion": 4, "is_active": true, "created": "2019-04-01T16:30:03.030Z", "updated": "2019-04-01T16:30:03.030Z"}}, {"model": "hall.memberpreference", "pk": 1, "fields": {"order": 0, "title": "Similar to the contextual", "is_active": true, "created": "2019-04-03T13:25:33.444Z", "updated": "2019-04-03T13:25:33.444Z"}}, {"model": "hall.memberpreference", "pk": 2, "fields": {"order": 0, "title": "Similar to the contextual text color classes,", "is_active": true, "created": "2019-04-03T13:25:40.832Z", "updated": "2019-04-03T13:25:40.832Z"}}, {"model": "hall.memberpreference", "pk": 3, "fields": {"order": 0, "title": "contextual text color classes,", "is_active": true, "created": "2019-04-03T13:25:47.679Z", "updated": "2019-04-03T13:25:47.679Z"}}, {"model": "hall.memberpreference", "pk": 4, "fields": {"order": 0, "title": "Similar to the contextual text color classes, Similar to the contextual text color classes,", "is_active": true, "created": "2019-04-03T13:25:52.371Z", "updated": "2019-04-03T13:25:52.371Z"}}, {"model": "hall.memberpreference", "pk": 5, "fields": {"order": 0, "title": "Similar to the contextual text color classes,", "is_active": true, "created": "2019-04-03T13:26:26.126Z", "updated": "2019-04-03T13:26:26.126Z"}}, {"model": "hall.memberpreference", "pk": 6, "fields": {"order": 0, "title": "Similar to the contextual text color classes,", "is_active": true, "created": "2019-04-03T13:26:31.045Z", "updated": "2019-04-03T13:26:31.045Z"}}, {"model": "hall.bill", "pk": 1, "fields": {"order": 1, "broker_image": "broker_images/logo-bz_OWFbZq2.png", "duration": "\u0421\u0440\u043e\u043a: 5 \u043c\u0435\u0441\u044f\u0446\u0435\u0432", "result": "\u0434\u043e 25% \u0433\u043e\u0434\u043e\u0432\u044b\u0445", "is_active": true, "created": "2019-04-03T13:21:45.013Z", "updated": "2019-04-04T19:31:05.309Z"}}, {"model": "hall.bill", "pk": 2, "fields": {"order": 2, "broker_image": "broker_images/alfaforex.png", "duration": "\u0421\u0440\u043e\u043a: 5 \u043c\u0435\u0441\u044f\u0446\u0435\u0432", "result": "\u041e\u0436\u0438\u0434\u0430\u043d\u0438\u044f: \u0434\u043e 25% \u0433\u043e\u0434\u043e\u0432\u044b\u0445", "is_active": true, "created": "2019-04-03T13:22:30.509Z", "updated": "2019-04-04T19:31:01.336Z"}}, {"model": "hall.bill", "pk": 3, "fields": {"order": 3, "broker_image": "broker_images/bks-forex.png", "duration": "\u0421\u0440\u043e\u043a: 5 \u043c\u0435\u0441\u044f\u0446\u0435\u0432", "result": "\u041e\u0436\u0438\u0434\u0430\u043d\u0438\u044f: \u0434\u043e 25% \u0433\u043e\u0434\u043e\u0432\u044b\u0445", "is_active": true, "created": "2019-04-03T13:22:51.569Z", "updated": "2019-04-04T19:30:55.917Z"}}, {"model": "hall.bill", "pk": 4, "fields": {"order": 4, "broker_image": "broker_images/icmarkets-logo.png", "duration": "\u0421\u0440\u043e\u043a: 5 \u043c\u0435\u0441\u044f\u0446\u0435\u0432", "result": "\u041e\u0436\u0438\u0434\u0430\u043d\u0438\u044f: \u0434\u043e 25% \u0433\u043e\u0434\u043e\u0432\u044b\u0445", "is_active": true, "created": "2019-04-03T13:23:13.111Z", "updated": "2019-04-04T19:30:51.348Z"}}, {"model": "auth.permission", "pk": 1, "fields": {"name": "Can add log entry", "content_type": 1, "codename": "add_logentry"}}, {"model": "auth.permission", "pk": 2, "fields": {"name": "Can change log entry", "content_type": 1, "codename": "change_logentry"}}, {"model": "auth.permission", "pk": 3, "fields": {"name": "Can delete log entry", "content_type": 1, "codename": "delete_logentry"}}, {"model": "auth.permission", "pk": 4, "fields": {"name": "Can view log entry", "content_type": 1, "codename": "view_logentry"}}, {"model": "auth.permission", "pk": 5, "fields": {"name": "Can add permission", "content_type": 2, "codename": "add_permission"}}, {"model": "auth.permission", "pk": 6, "fields": {"name": "Can change permission", "content_type": 2, "codename": "change_permission"}}, {"model": "auth.permission", "pk": 7, "fields": {"name": "Can delete permission", "content_type": 2, "codename": "delete_permission"}}, {"model": "auth.permission", "pk": 8, "fields": {"name": "Can view permission", "content_type": 2, "codename": "view_permission"}}, {"model": "auth.permission", "pk": 9, "fields": {"name": "Can add group", "content_type": 3, "codename": "add_group"}}, {"model": "auth.permission", "pk": 10, "fields": {"name": "Can change group", "content_type": 3, "codename": "change_group"}}, {"model": "auth.permission", "pk": 11, "fields": {"name": "Can delete group", "content_type": 3, "codename": "delete_group"}}, {"model": "auth.permission", "pk": 12, "fields": {"name": "Can view group", "content_type": 3, "codename": "view_group"}}, {"model": "auth.permission", "pk": 13, "fields": {"name": "Can add user", "content_type": 4, "codename": "add_user"}}, {"model": "auth.permission", "pk": 14, "fields": {"name": "Can change user", "content_type": 4, "codename": "change_user"}}, {"model": "auth.permission", "pk": 15, "fields": {"name": "Can delete user", "content_type": 4, "codename": "delete_user"}}, {"model": "auth.permission", "pk": 16, "fields": {"name": "Can view user", "content_type": 4, "codename": "view_user"}}, {"model": "auth.permission", "pk": 17, "fields": {"name": "Can add content type", "content_type": 5, "codename": "add_contenttype"}}, {"model": "auth.permission", "pk": 18, "fields": {"name": "Can change content type", "content_type": 5, "codename": "change_contenttype"}}, {"model": "auth.permission", "pk": 19, "fields": {"name": "Can delete content type", "content_type": 5, "codename": "delete_contenttype"}}, {"model": "auth.permission", "pk": 20, "fields": {"name": "Can view content type", "content_type": 5, "codename": "view_contenttype"}}, {"model": "auth.permission", "pk": 21, "fields": {"name": "Can add session", "content_type": 6, "codename": "add_session"}}, {"model": "auth.permission", "pk": 22, "fields": {"name": "Can change session", "content_type": 6, "codename": "change_session"}}, {"model": "auth.permission", "pk": 23, "fields": {"name": "Can delete session", "content_type": 6, "codename": "delete_session"}}, {"model": "auth.permission", "pk": 24, "fields": {"name": "Can view session", "content_type": 6, "codename": "view_session"}}, {"model": "auth.permission", "pk": 25, "fields": {"name": "Can add \u0411\u043b\u043e\u043a \u0434\u043b\u044f \u043b\u0435\u043d\u0434\u0438\u043d\u0433\u0430", "content_type": 7, "codename": "add_modpost"}}, {"model": "auth.permission", "pk": 26, "fields": {"name": "Can change \u0411\u043b\u043e\u043a \u0434\u043b\u044f \u043b\u0435\u043d\u0434\u0438\u043d\u0433\u0430", "content_type": 7, "codename": "change_modpost"}}, {"model": "auth.permission", "pk": 27, "fields": {"name": "Can delete \u0411\u043b\u043e\u043a \u0434\u043b\u044f \u043b\u0435\u043d\u0434\u0438\u043d\u0433\u0430", "content_type": 7, "codename": "delete_modpost"}}, {"model": "auth.permission", "pk": 28, "fields": {"name": "Can view \u0411\u043b\u043e\u043a \u0434\u043b\u044f \u043b\u0435\u043d\u0434\u0438\u043d\u0433\u0430", "content_type": 7, "codename": "view_modpost"}}, {"model": "auth.permission", "pk": 29, "fields": {"name": "Can add \u0421\u0442\u0430\u0442\u0443\u0441 \u0437\u0430\u043a\u0430\u0437\u0430", "content_type": 8, "codename": "add_status_order"}}, {"model": "auth.permission", "pk": 30, "fields": {"name": "Can change \u0421\u0442\u0430\u0442\u0443\u0441 \u0437\u0430\u043a\u0430\u0437\u0430", "content_type": 8, "codename": "change_status_order"}}, {"model": "auth.permission", "pk": 31, "fields": {"name": "Can delete \u0421\u0442\u0430\u0442\u0443\u0441 \u0437\u0430\u043a\u0430\u0437\u0430", "content_type": 8, "codename": "delete_status_order"}}, {"model": "auth.permission", "pk": 32, "fields": {"name": "Can view \u0421\u0442\u0430\u0442\u0443\u0441 \u0437\u0430\u043a\u0430\u0437\u0430", "content_type": 8, "codename": "view_status_order"}}, {"model": "auth.permission", "pk": 33, "fields": {"name": "Can add \u0417\u0430\u043a\u0430\u0437", "content_type": 9, "codename": "add_order"}}, {"model": "auth.permission", "pk": 34, "fields": {"name": "Can change \u0417\u0430\u043a\u0430\u0437", "content_type": 9, "codename": "change_order"}}, {"model": "auth.permission", "pk": 35, "fields": {"name": "Can delete \u0417\u0430\u043a\u0430\u0437", "content_type": 9, "codename": "delete_order"}}, {"model": "auth.permission", "pk": 36, "fields": {"name": "Can view \u0417\u0430\u043a\u0430\u0437", "content_type": 9, "codename": "view_order"}}, {"model": "auth.permission", "pk": 37, "fields": {"name": "Can add \u0422\u043e\u0432\u0430\u0440 \u0432 \u0437\u0430\u043a\u0430\u0437\u0435", "content_type": 10, "codename": "add_productinorder"}}, {"model": "auth.permission", "pk": 38, "fields": {"name": "Can change \u0422\u043e\u0432\u0430\u0440 \u0432 \u0437\u0430\u043a\u0430\u0437\u0435", "content_type": 10, "codename": "change_productinorder"}}, {"model": "auth.permission", "pk": 39, "fields": {"name": "Can delete \u0422\u043e\u0432\u0430\u0440 \u0432 \u0437\u0430\u043a\u0430\u0437\u0435", "content_type": 10, "codename": "delete_productinorder"}}, {"model": "auth.permission", "pk": 40, "fields": {"name": "Can view \u0422\u043e\u0432\u0430\u0440 \u0432 \u0437\u0430\u043a\u0430\u0437\u0435", "content_type": 10, "codename": "view_productinorder"}}, {"model": "auth.permission", "pk": 41, "fields": {"name": "Can add \u041f\u0440\u043e\u0434\u0443\u043a\u0442", "content_type": 11, "codename": "add_product"}}, {"model": "auth.permission", "pk": 42, "fields": {"name": "Can change \u041f\u0440\u043e\u0434\u0443\u043a\u0442", "content_type": 11, "codename": "change_product"}}, {"model": "auth.permission", "pk": 43, "fields": {"name": "Can delete \u041f\u0440\u043e\u0434\u0443\u043a\u0442", "content_type": 11, "codename": "delete_product"}}, {"model": "auth.permission", "pk": 44, "fields": {"name": "Can view \u041f\u0440\u043e\u0434\u0443\u043a\u0442", "content_type": 11, "codename": "view_product"}}, {"model": "auth.permission", "pk": 45, "fields": {"name": "Can add \u0424\u043e\u0442\u043e\u0433\u0440\u0430\u0444\u0438\u044f \u043f\u0440\u043e\u0434\u0443\u043a\u0446\u0438\u0438", "content_type": 12, "codename": "add_productimage"}}, {"model": "auth.permission", "pk": 46, "fields": {"name": "Can change \u0424\u043e\u0442\u043e\u0433\u0440\u0430\u0444\u0438\u044f \u043f\u0440\u043e\u0434\u0443\u043a\u0446\u0438\u0438", "content_type": 12, "codename": "change_productimage"}}, {"model": "auth.permission", "pk": 47, "fields": {"name": "Can delete \u0424\u043e\u0442\u043e\u0433\u0440\u0430\u0444\u0438\u044f \u043f\u0440\u043e\u0434\u0443\u043a\u0446\u0438\u0438", "content_type": 12, "codename": "delete_productimage"}}, {"model": "auth.permission", "pk": 48, "fields": {"name": "Can view \u0424\u043e\u0442\u043e\u0433\u0440\u0430\u0444\u0438\u044f \u043f\u0440\u043e\u0434\u0443\u043a\u0446\u0438\u0438", "content_type": 12, "codename": "view_productimage"}}, {"model": "auth.permission", "pk": 49, "fields": {"name": "Can add FileBrowser", "content_type": 13, "codename": "add_filebrowser"}}, {"model": "auth.permission", "pk": 50, "fields": {"name": "Can change FileBrowser", "content_type": 13, "codename": "change_filebrowser"}}, {"model": "auth.permission", "pk": 51, "fields": {"name": "Can delete FileBrowser", "content_type": 13, "codename": "delete_filebrowser"}}, {"model": "auth.permission", "pk": 52, "fields": {"name": "Can view FileBrowser", "content_type": 13, "codename": "view_filebrowser"}}, {"model": "auth.permission", "pk": 53, "fields": {"name": "Can add \u0411\u043b\u043e\u043a \u0434\u043b\u044f \u043c\u043e\u0434.\u043f\u043e\u0441\u0442\u0438\u043d\u0433\u0430", "content_type": 14, "codename": "add_modpost"}}, {"model": "auth.permission", "pk": 54, "fields": {"name": "Can change \u0411\u043b\u043e\u043a \u0434\u043b\u044f \u043c\u043e\u0434.\u043f\u043e\u0441\u0442\u0438\u043d\u0433\u0430", "content_type": 14, "codename": "change_modpost"}}, {"model": "auth.permission", "pk": 55, "fields": {"name": "Can delete \u0411\u043b\u043e\u043a \u0434\u043b\u044f \u043c\u043e\u0434.\u043f\u043e\u0441\u0442\u0438\u043d\u0433\u0430", "content_type": 14, "codename": "delete_modpost"}}, {"model": "auth.permission", "pk": 56, "fields": {"name": "Can view \u0411\u043b\u043e\u043a \u0434\u043b\u044f \u043c\u043e\u0434.\u043f\u043e\u0441\u0442\u0438\u043d\u0433\u0430", "content_type": 14, "codename": "view_modpost"}}, {"model": "auth.permission", "pk": 57, "fields": {"name": "Can add \u041a\u0430\u0442\u0435\u0433\u043e\u0440\u0438\u044f \u0442\u043e\u0432\u0430\u0440\u0430", "content_type": 15, "codename": "add_productcategory"}}, {"model": "auth.permission", "pk": 58, "fields": {"name": "Can change \u041a\u0430\u0442\u0435\u0433\u043e\u0440\u0438\u044f \u0442\u043e\u0432\u0430\u0440\u0430", "content_type": 15, "codename": "change_productcategory"}}, {"model": "auth.permission", "pk": 59, "fields": {"name": "Can delete \u041a\u0430\u0442\u0435\u0433\u043e\u0440\u0438\u044f \u0442\u043e\u0432\u0430\u0440\u0430", "content_type": 15, "codename": "delete_productcategory"}}, {"model": "auth.permission", "pk": 60, "fields": {"name": "Can view \u041a\u0430\u0442\u0435\u0433\u043e\u0440\u0438\u044f \u0442\u043e\u0432\u0430\u0440\u0430", "content_type": 15, "codename": "view_productcategory"}}, {"model": "auth.permission", "pk": 61, "fields": {"name": "Can add \u0422\u043e\u0432\u0430\u0440 \u0432 \u043a\u043e\u0440\u0437\u0438\u043d\u0435", "content_type": 16, "codename": "add_productinbasket"}}, {"model": "auth.permission", "pk": 62, "fields": {"name": "Can change \u0422\u043e\u0432\u0430\u0440 \u0432 \u043a\u043e\u0440\u0437\u0438\u043d\u0435", "content_type": 16, "codename": "change_productinbasket"}}, {"model": "auth.permission", "pk": 63, "fields": {"name": "Can delete \u0422\u043e\u0432\u0430\u0440 \u0432 \u043a\u043e\u0440\u0437\u0438\u043d\u0435", "content_type": 16, "codename": "delete_productinbasket"}}, {"model": "auth.permission", "pk": 64, "fields": {"name": "Can view \u0422\u043e\u0432\u0430\u0440 \u0432 \u043a\u043e\u0440\u0437\u0438\u043d\u0435", "content_type": 16, "codename": "view_productinbasket"}}, {"model": "auth.permission", "pk": 65, "fields": {"name": "Can add \u041a\u0430\u0442\u0435\u0433\u043e\u0440\u0438\u044f \u043c\u0435\u0440\u043e\u043f\u0440\u0438\u044f\u0442\u0438\u044f", "content_type": 17, "codename": "add_eventcategory"}}, {"model": "auth.permission", "pk": 66, "fields": {"name": "Can change \u041a\u0430\u0442\u0435\u0433\u043e\u0440\u0438\u044f \u043c\u0435\u0440\u043e\u043f\u0440\u0438\u044f\u0442\u0438\u044f", "content_type": 17, "codename": "change_eventcategory"}}, {"model": "auth.permission", "pk": 67, "fields": {"name": "Can delete \u041a\u0430\u0442\u0435\u0433\u043e\u0440\u0438\u044f \u043c\u0435\u0440\u043e\u043f\u0440\u0438\u044f\u0442\u0438\u044f", "content_type": 17, "codename": "delete_eventcategory"}}, {"model": "auth.permission", "pk": 68, "fields": {"name": "Can view \u041a\u0430\u0442\u0435\u0433\u043e\u0440\u0438\u044f \u043c\u0435\u0440\u043e\u043f\u0440\u0438\u044f\u0442\u0438\u044f", "content_type": 17, "codename": "view_eventcategory"}}, {"model": "auth.permission", "pk": 69, "fields": {"name": "Can add \u041c\u0435\u0440\u043e\u043f\u0440\u0438\u044f\u0442\u0438\u0435", "content_type": 18, "codename": "add_event"}}, {"model": "auth.permission", "pk": 70, "fields": {"name": "Can change \u041c\u0435\u0440\u043e\u043f\u0440\u0438\u044f\u0442\u0438\u0435", "content_type": 18, "codename": "change_event"}}, {"model": "auth.permission", "pk": 71, "fields": {"name": "Can delete \u041c\u0435\u0440\u043e\u043f\u0440\u0438\u044f\u0442\u0438\u0435", "content_type": 18, "codename": "delete_event"}}, {"model": "auth.permission", "pk": 72, "fields": {"name": "Can view \u041c\u0435\u0440\u043e\u043f\u0440\u0438\u044f\u0442\u0438\u0435", "content_type": 18, "codename": "view_event"}}, {"model": "auth.permission", "pk": 73, "fields": {"name": "Can add \u0424\u043e\u0442\u043e\u0433\u0440\u0430\u0444\u0438\u044f \u043c\u0435\u0440\u043e\u043f\u0440\u0438\u044f\u0442\u0438\u044f", "content_type": 19, "codename": "add_eventimage"}}, {"model": "auth.permission", "pk": 74, "fields": {"name": "Can change \u0424\u043e\u0442\u043e\u0433\u0440\u0430\u0444\u0438\u044f \u043c\u0435\u0440\u043e\u043f\u0440\u0438\u044f\u0442\u0438\u044f", "content_type": 19, "codename": "change_eventimage"}}, {"model": "auth.permission", "pk": 75, "fields": {"name": "Can delete \u0424\u043e\u0442\u043e\u0433\u0440\u0430\u0444\u0438\u044f \u043c\u0435\u0440\u043e\u043f\u0440\u0438\u044f\u0442\u0438\u044f", "content_type": 19, "codename": "delete_eventimage"}}, {"model": "auth.permission", "pk": 76, "fields": {"name": "Can view \u0424\u043e\u0442\u043e\u0433\u0440\u0430\u0444\u0438\u044f \u043c\u0435\u0440\u043e\u043f\u0440\u0438\u044f\u0442\u0438\u044f", "content_type": 19, "codename": "view_eventimage"}}, {"model": "auth.permission", "pk": 77, "fields": {"name": "Can add \u041f\u043e\u0434\u043f\u0438\u0441\u0447\u0438\u043a", "content_type": 20, "codename": "add_subscribers"}}, {"model": "auth.permission", "pk": 78, "fields": {"name": "Can change \u041f\u043e\u0434\u043f\u0438\u0441\u0447\u0438\u043a", "content_type": 20, "codename": "change_subscribers"}}, {"model": "auth.permission", "pk": 79, "fields": {"name": "Can delete \u041f\u043e\u0434\u043f\u0438\u0441\u0447\u0438\u043a", "content_type": 20, "codename": "delete_subscribers"}}, {"model": "auth.permission", "pk": 80, "fields": {"name": "Can view \u041f\u043e\u0434\u043f\u0438\u0441\u0447\u0438\u043a", "content_type": 20, "codename": "view_subscribers"}}, {"model": "auth.permission", "pk": 81, "fields": {"name": "Can add \u041a\u043e\u043d\u0442\u0430\u043a\u0442 \u0434\u043b\u044f \u0441\u043e\u0437\u0432\u043e\u043d\u0430", "content_type": 21, "codename": "add_callmecontacts"}}, {"model": "auth.permission", "pk": 82, "fields": {"name": "Can change \u041a\u043e\u043d\u0442\u0430\u043a\u0442 \u0434\u043b\u044f \u0441\u043e\u0437\u0432\u043e\u043d\u0430", "content_type": 21, "codename": "change_callmecontacts"}}, {"model": "auth.permission", "pk": 83, "fields": {"name": "Can delete \u041a\u043e\u043d\u0442\u0430\u043a\u0442 \u0434\u043b\u044f \u0441\u043e\u0437\u0432\u043e\u043d\u0430", "content_type": 21, "codename": "delete_callmecontacts"}}, {"model": "auth.permission", "pk": 84, "fields": {"name": "Can view \u041a\u043e\u043d\u0442\u0430\u043a\u0442 \u0434\u043b\u044f \u0441\u043e\u0437\u0432\u043e\u043d\u0430", "content_type": 21, "codename": "view_callmecontacts"}}, {"model": "auth.permission", "pk": 85, "fields": {"name": "Can add \u041a\u043e\u043d\u0442\u0430\u043a\u0442 \u0434\u043b\u044f \u0441\u043e\u0437\u0432\u043e\u043d\u0430", "content_type": 22, "codename": "add_callmecontact"}}, {"model": "auth.permission", "pk": 86, "fields": {"name": "Can change \u041a\u043e\u043d\u0442\u0430\u043a\u0442 \u0434\u043b\u044f \u0441\u043e\u0437\u0432\u043e\u043d\u0430", "content_type": 22, "codename": "change_callmecontact"}}, {"model": "auth.permission", "pk": 87, "fields": {"name": "Can delete \u041a\u043e\u043d\u0442\u0430\u043a\u0442 \u0434\u043b\u044f \u0441\u043e\u0437\u0432\u043e\u043d\u0430", "content_type": 22, "codename": "delete_callmecontact"}}, {"model": "auth.permission", "pk": 88, "fields": {"name": "Can view \u041a\u043e\u043d\u0442\u0430\u043a\u0442 \u0434\u043b\u044f \u0441\u043e\u0437\u0432\u043e\u043d\u0430", "content_type": 22, "codename": "view_callmecontact"}}, {"model": "auth.permission", "pk": 89, "fields": {"name": "Can add \u0421\u0442\u0440\u0430\u043d\u0438\u0446\u0430 ABOUTUS", "content_type": 23, "codename": "add_aboutus"}}, {"model": "auth.permission", "pk": 90, "fields": {"name": "Can change \u0421\u0442\u0440\u0430\u043d\u0438\u0446\u0430 ABOUTUS", "content_type": 23, "codename": "change_aboutus"}}, {"model": "auth.permission", "pk": 91, "fields": {"name": "Can delete \u0421\u0442\u0440\u0430\u043d\u0438\u0446\u0430 ABOUTUS", "content_type": 23, "codename": "delete_aboutus"}}, {"model": "auth.permission", "pk": 92, "fields": {"name": "Can view \u0421\u0442\u0440\u0430\u043d\u0438\u0446\u0430 ABOUTUS", "content_type": 23, "codename": "view_aboutus"}}, {"model": "auth.permission", "pk": 93, "fields": {"name": "Can add \u0421\u0442\u0440\u0430\u043d\u0438\u0446\u0430 Contacts", "content_type": 24, "codename": "add_contacts"}}, {"model": "auth.permission", "pk": 94, "fields": {"name": "Can change \u0421\u0442\u0440\u0430\u043d\u0438\u0446\u0430 Contacts", "content_type": 24, "codename": "change_contacts"}}, {"model": "auth.permission", "pk": 95, "fields": {"name": "Can delete \u0421\u0442\u0440\u0430\u043d\u0438\u0446\u0430 Contacts", "content_type": 24, "codename": "delete_contacts"}}, {"model": "auth.permission", "pk": 96, "fields": {"name": "Can view \u0421\u0442\u0440\u0430\u043d\u0438\u0446\u0430 Contacts", "content_type": 24, "codename": "view_contacts"}}, {"model": "auth.permission", "pk": 97, "fields": {"name": "Can add \u041a\u0443\u0440\u0441", "content_type": 25, "codename": "add_education"}}, {"model": "auth.permission", "pk": 98, "fields": {"name": "Can change \u041a\u0443\u0440\u0441", "content_type": 25, "codename": "change_education"}}, {"model": "auth.permission", "pk": 99, "fields": {"name": "Can delete \u041a\u0443\u0440\u0441", "content_type": 25, "codename": "delete_education"}}, {"model": "auth.permission", "pk": 100, "fields": {"name": "Can view \u041a\u0443\u0440\u0441", "content_type": 25, "codename": "view_education"}}, {"model": "auth.permission", "pk": 101, "fields": {"name": "Can add \u041a\u0430\u0442\u0435\u0433\u043e\u0440\u0438\u044f \u043a\u0443\u0440\u0441\u043e\u0432", "content_type": 26, "codename": "add_educationcategory"}}, {"model": "auth.permission", "pk": 102, "fields": {"name": "Can change \u041a\u0430\u0442\u0435\u0433\u043e\u0440\u0438\u044f \u043a\u0443\u0440\u0441\u043e\u0432", "content_type": 26, "codename": "change_educationcategory"}}, {"model": "auth.permission", "pk": 103, "fields": {"name": "Can delete \u041a\u0430\u0442\u0435\u0433\u043e\u0440\u0438\u044f \u043a\u0443\u0440\u0441\u043e\u0432", "content_type": 26, "codename": "delete_educationcategory"}}, {"model": "auth.permission", "pk": 104, "fields": {"name": "Can view \u041a\u0430\u0442\u0435\u0433\u043e\u0440\u0438\u044f \u043a\u0443\u0440\u0441\u043e\u0432", "content_type": 26, "codename": "view_educationcategory"}}, {"model": "auth.permission", "pk": 105, "fields": {"name": "Can add \u0424\u043e\u0442\u043e\u0433\u0440\u0430\u0444\u0438\u044f \u043a\u0443\u0440\u0441\u043e\u0432", "content_type": 27, "codename": "add_educationimage"}}, {"model": "auth.permission", "pk": 106, "fields": {"name": "Can change \u0424\u043e\u0442\u043e\u0433\u0440\u0430\u0444\u0438\u044f \u043a\u0443\u0440\u0441\u043e\u0432", "content_type": 27, "codename": "change_educationimage"}}, {"model": "auth.permission", "pk": 107, "fields": {"name": "Can delete \u0424\u043e\u0442\u043e\u0433\u0440\u0430\u0444\u0438\u044f \u043a\u0443\u0440\u0441\u043e\u0432", "content_type": 27, "codename": "delete_educationimage"}}, {"model": "auth.permission", "pk": 108, "fields": {"name": "Can view \u0424\u043e\u0442\u043e\u0433\u0440\u0430\u0444\u0438\u044f \u043a\u0443\u0440\u0441\u043e\u0432", "content_type": 27, "codename": "view_educationimage"}}, {"model": "auth.permission", "pk": 109, "fields": {"name": "Can add \u041f\u0440\u043e\u0444\u0438\u043b\u044c \u043f\u043e\u043b\u044c\u0437\u043e\u0432\u0430\u0442\u0435\u043b\u044f", "content_type": 28, "codename": "add_profile"}}, {"model": "auth.permission", "pk": 110, "fields": {"name": "Can change \u041f\u0440\u043e\u0444\u0438\u043b\u044c \u043f\u043e\u043b\u044c\u0437\u043e\u0432\u0430\u0442\u0435\u043b\u044f", "content_type": 28, "codename": "change_profile"}}, {"model": "auth.permission", "pk": 111, "fields": {"name": "Can delete \u041f\u0440\u043e\u0444\u0438\u043b\u044c \u043f\u043e\u043b\u044c\u0437\u043e\u0432\u0430\u0442\u0435\u043b\u044f", "content_type": 28, "codename": "delete_profile"}}, {"model": "auth.permission", "pk": 112, "fields": {"name": "Can view \u041f\u0440\u043e\u0444\u0438\u043b\u044c \u043f\u043e\u043b\u044c\u0437\u043e\u0432\u0430\u0442\u0435\u043b\u044f", "content_type": 28, "codename": "view_profile"}}, {"model": "auth.permission", "pk": 113, "fields": {"name": "Can add \u0417\u0430\u043a\u0430\u0437 \u043a\u0443\u0440\u0441\u0430", "content_type": 29, "codename": "add_educationorder"}}, {"model": "auth.permission", "pk": 114, "fields": {"name": "Can change \u0417\u0430\u043a\u0430\u0437 \u043a\u0443\u0440\u0441\u0430", "content_type": 29, "codename": "change_educationorder"}}, {"model": "auth.permission", "pk": 115, "fields": {"name": "Can delete \u0417\u0430\u043a\u0430\u0437 \u043a\u0443\u0440\u0441\u0430", "content_type": 29, "codename": "delete_educationorder"}}, {"model": "auth.permission", "pk": 116, "fields": {"name": "Can view \u0417\u0430\u043a\u0430\u0437 \u043a\u0443\u0440\u0441\u0430", "content_type": 29, "codename": "view_educationorder"}}, {"model": "auth.permission", "pk": 117, "fields": {"name": "Can add \u0421\u0442\u0430\u0442\u0443\u0441 \u0437\u0430\u043a\u0430\u0437\u0430", "content_type": 30, "codename": "add_status_education_order"}}, {"model": "auth.permission", "pk": 118, "fields": {"name": "Can change \u0421\u0442\u0430\u0442\u0443\u0441 \u0437\u0430\u043a\u0430\u0437\u0430", "content_type": 30, "codename": "change_status_education_order"}}, {"model": "auth.permission", "pk": 119, "fields": {"name": "Can delete \u0421\u0442\u0430\u0442\u0443\u0441 \u0437\u0430\u043a\u0430\u0437\u0430", "content_type": 30, "codename": "delete_status_education_order"}}, {"model": "auth.permission", "pk": 120, "fields": {"name": "Can view \u0421\u0442\u0430\u0442\u0443\u0441 \u0437\u0430\u043a\u0430\u0437\u0430", "content_type": 30, "codename": "view_status_education_order"}}, {"model": "auth.permission", "pk": 121, "fields": {"name": "Can add \u0421\u0442\u0430\u0442\u0443\u0441 \u0437\u0430\u043a\u0430\u0437\u0430", "content_type": 31, "codename": "add_statuseducationorder"}}, {"model": "auth.permission", "pk": 122, "fields": {"name": "Can change \u0421\u0442\u0430\u0442\u0443\u0441 \u0437\u0430\u043a\u0430\u0437\u0430", "content_type": 31, "codename": "change_statuseducationorder"}}, {"model": "auth.permission", "pk": 123, "fields": {"name": "Can delete \u0421\u0442\u0430\u0442\u0443\u0441 \u0437\u0430\u043a\u0430\u0437\u0430", "content_type": 31, "codename": "delete_statuseducationorder"}}, {"model": "auth.permission", "pk": 124, "fields": {"name": "Can view \u0421\u0442\u0430\u0442\u0443\u0441 \u0437\u0430\u043a\u0430\u0437\u0430", "content_type": 31, "codename": "view_statuseducationorder"}}, {"model": "auth.permission", "pk": 125, "fields": {"name": "Can add \u041f\u043e\u0441\u0442 \u0434\u043b\u044f \u043b\u0435\u043d\u0434\u0438\u043d\u0433\u0430", "content_type": 32, "codename": "add_landpost"}}, {"model": "auth.permission", "pk": 126, "fields": {"name": "Can change \u041f\u043e\u0441\u0442 \u0434\u043b\u044f \u043b\u0435\u043d\u0434\u0438\u043d\u0433\u0430", "content_type": 32, "codename": "change_landpost"}}, {"model": "auth.permission", "pk": 127, "fields": {"name": "Can delete \u041f\u043e\u0441\u0442 \u0434\u043b\u044f \u043b\u0435\u043d\u0434\u0438\u043d\u0433\u0430", "content_type": 32, "codename": "delete_landpost"}}, {"model": "auth.permission", "pk": 128, "fields": {"name": "Can view \u041f\u043e\u0441\u0442 \u0434\u043b\u044f \u043b\u0435\u043d\u0434\u0438\u043d\u0433\u0430", "content_type": 32, "codename": "view_landpost"}}, {"model": "auth.permission", "pk": 129, "fields": {"name": "Can add mainformcontact", "content_type": 33, "codename": "add_mainformcontact"}}, {"model": "auth.permission", "pk": 130, "fields": {"name": "Can change mainformcontact", "content_type": 33, "codename": "change_mainformcontact"}}, {"model": "auth.permission", "pk": 131, "fields": {"name": "Can delete mainformcontact", "content_type": 33, "codename": "delete_mainformcontact"}}, {"model": "auth.permission", "pk": 132, "fields": {"name": "Can view mainformcontact", "content_type": 33, "codename": "view_mainformcontact"}}, {"model": "auth.permission", "pk": 133, "fields": {"name": "Can add \u0424\u043e\u0440\u043c\u0430\u0442 \u043a\u0443\u0440\u0441\u043e\u0432", "content_type": 34, "codename": "add_educationformat"}}, {"model": "auth.permission", "pk": 134, "fields": {"name": "Can change \u0424\u043e\u0440\u043c\u0430\u0442 \u043a\u0443\u0440\u0441\u043e\u0432", "content_type": 34, "codename": "change_educationformat"}}, {"model": "auth.permission", "pk": 135, "fields": {"name": "Can delete \u0424\u043e\u0440\u043c\u0430\u0442 \u043a\u0443\u0440\u0441\u043e\u0432", "content_type": 34, "codename": "delete_educationformat"}}, {"model": "auth.permission", "pk": 136, "fields": {"name": "Can view \u0424\u043e\u0440\u043c\u0430\u0442 \u043a\u0443\u0440\u0441\u043e\u0432", "content_type": 34, "codename": "view_educationformat"}}, {"model": "auth.permission", "pk": 137, "fields": {"name": "Can add \u041f\u043e\u0434\u043f\u0438\u0441\u0430\u0432\u0448\u0438\u0439\u0441\u044f \u043d\u0430 \u043c\u0435\u0440\u043e\u043f\u0440\u0438\u044f\u0442\u0438\u044f", "content_type": 35, "codename": "add_eventjoiner"}}, {"model": "auth.permission", "pk": 138, "fields": {"name": "Can change \u041f\u043e\u0434\u043f\u0438\u0441\u0430\u0432\u0448\u0438\u0439\u0441\u044f \u043d\u0430 \u043c\u0435\u0440\u043e\u043f\u0440\u0438\u044f\u0442\u0438\u044f", "content_type": 35, "codename": "change_eventjoiner"}}, {"model": "auth.permission", "pk": 139, "fields": {"name": "Can delete \u041f\u043e\u0434\u043f\u0438\u0441\u0430\u0432\u0448\u0438\u0439\u0441\u044f \u043d\u0430 \u043c\u0435\u0440\u043e\u043f\u0440\u0438\u044f\u0442\u0438\u044f", "content_type": 35, "codename": "delete_eventjoiner"}}, {"model": "auth.permission", "pk": 140, "fields": {"name": "Can view \u041f\u043e\u0434\u043f\u0438\u0441\u0430\u0432\u0448\u0438\u0439\u0441\u044f \u043d\u0430 \u043c\u0435\u0440\u043e\u043f\u0440\u0438\u044f\u0442\u0438\u044f", "content_type": 35, "codename": "view_eventjoiner"}}, {"model": "auth.permission", "pk": 141, "fields": {"name": "Can add \u0421\u0442\u0430\u0442\u0443\u0441", "content_type": 36, "codename": "add_statuseventjoiner"}}, {"model": "auth.permission", "pk": 142, "fields": {"name": "Can change \u0421\u0442\u0430\u0442\u0443\u0441", "content_type": 36, "codename": "change_statuseventjoiner"}}, {"model": "auth.permission", "pk": 143, "fields": {"name": "Can delete \u0421\u0442\u0430\u0442\u0443\u0441", "content_type": 36, "codename": "delete_statuseventjoiner"}}, {"model": "auth.permission", "pk": 144, "fields": {"name": "Can view \u0421\u0442\u0430\u0442\u0443\u0441", "content_type": 36, "codename": "view_statuseventjoiner"}}, {"model": "auth.permission", "pk": 145, "fields": {"name": "Can add \u0424\u043e\u0440\u043c\u0430\u0442 \u043a\u0443\u0440\u0441\u043e\u0432", "content_type": 37, "codename": "add_eventformat"}}, {"model": "auth.permission", "pk": 146, "fields": {"name": "Can change \u0424\u043e\u0440\u043c\u0430\u0442 \u043a\u0443\u0440\u0441\u043e\u0432", "content_type": 37, "codename": "change_eventformat"}}, {"model": "auth.permission", "pk": 147, "fields": {"name": "Can delete \u0424\u043e\u0440\u043c\u0430\u0442 \u043a\u0443\u0440\u0441\u043e\u0432", "content_type": 37, "codename": "delete_eventformat"}}, {"model": "auth.permission", "pk": 148, "fields": {"name": "Can view \u0424\u043e\u0440\u043c\u0430\u0442 \u043a\u0443\u0440\u0441\u043e\u0432", "content_type": 37, "codename": "view_eventformat"}}, {"model": "auth.permission", "pk": 149, "fields": {"name": "Can add \u0423\u0447\u0430\u0441\u0442\u043d\u0438\u043a \u043a\u043e\u043c\u0430\u043d\u0434\u044b", "content_type": 38, "codename": "add_team"}}, {"model": "auth.permission", "pk": 150, "fields": {"name": "Can change \u0423\u0447\u0430\u0441\u0442\u043d\u0438\u043a \u043a\u043e\u043c\u0430\u043d\u0434\u044b", "content_type": 38, "codename": "change_team"}}, {"model": "auth.permission", "pk": 151, "fields": {"name": "Can delete \u0423\u0447\u0430\u0441\u0442\u043d\u0438\u043a \u043a\u043e\u043c\u0430\u043d\u0434\u044b", "content_type": 38, "codename": "delete_team"}}, {"model": "auth.permission", "pk": 152, "fields": {"name": "Can view \u0423\u0447\u0430\u0441\u0442\u043d\u0438\u043a \u043a\u043e\u043c\u0430\u043d\u0434\u044b", "content_type": 38, "codename": "view_team"}}, {"model": "auth.permission", "pk": 153, "fields": {"name": "Can add \u041f\u0443\u043d\u043a\u0442 \u043f\u043b\u0430\u043d\u0430 \u043a\u0443\u0440\u0441\u0430", "content_type": 39, "codename": "add_educationplanpoint"}}, {"model": "auth.permission", "pk": 154, "fields": {"name": "Can change \u041f\u0443\u043d\u043a\u0442 \u043f\u043b\u0430\u043d\u0430 \u043a\u0443\u0440\u0441\u0430", "content_type": 39, "codename": "change_educationplanpoint"}}, {"model": "auth.permission", "pk": 155, "fields": {"name": "Can delete \u041f\u0443\u043d\u043a\u0442 \u043f\u043b\u0430\u043d\u0430 \u043a\u0443\u0440\u0441\u0430", "content_type": 39, "codename": "delete_educationplanpoint"}}, {"model": "auth.permission", "pk": 156, "fields": {"name": "Can view \u041f\u0443\u043d\u043a\u0442 \u043f\u043b\u0430\u043d\u0430 \u043a\u0443\u0440\u0441\u0430", "content_type": 39, "codename": "view_educationplanpoint"}}, {"model": "auth.permission", "pk": 157, "fields": {"name": "Can add \u0420\u0435\u0437\u0443\u043b\u044c\u0442\u0430\u0442 \u043a\u0443\u0440\u0441\u0430", "content_type": 40, "codename": "add_educationresultpoint"}}, {"model": "auth.permission", "pk": 158, "fields": {"name": "Can change \u0420\u0435\u0437\u0443\u043b\u044c\u0442\u0430\u0442 \u043a\u0443\u0440\u0441\u0430", "content_type": 40, "codename": "change_educationresultpoint"}}, {"model": "auth.permission", "pk": 159, "fields": {"name": "Can delete \u0420\u0435\u0437\u0443\u043b\u044c\u0442\u0430\u0442 \u043a\u0443\u0440\u0441\u0430", "content_type": 40, "codename": "delete_educationresultpoint"}}, {"model": "auth.permission", "pk": 160, "fields": {"name": "Can view \u0420\u0435\u0437\u0443\u043b\u044c\u0442\u0430\u0442 \u043a\u0443\u0440\u0441\u0430", "content_type": 40, "codename": "view_educationresultpoint"}}, {"model": "auth.permission", "pk": 161, "fields": {"name": "Can add \u041a\u0430\u0442\u0435\u0433\u043e\u0440\u0438\u044f \u0438\u043d\u0432\u0435\u0441\u0442\u0438\u0446\u0438\u0439", "content_type": 41, "codename": "add_investioncategory"}}, {"model": "auth.permission", "pk": 162, "fields": {"name": "Can change \u041a\u0430\u0442\u0435\u0433\u043e\u0440\u0438\u044f \u0438\u043d\u0432\u0435\u0441\u0442\u0438\u0446\u0438\u0439", "content_type": 41, "codename": "change_investioncategory"}}, {"model": "auth.permission", "pk": 163, "fields": {"name": "Can delete \u041a\u0430\u0442\u0435\u0433\u043e\u0440\u0438\u044f \u0438\u043d\u0432\u0435\u0441\u0442\u0438\u0446\u0438\u0439", "content_type": 41, "codename": "delete_investioncategory"}}, {"model": "auth.permission", "pk": 164, "fields": {"name": "Can view \u041a\u0430\u0442\u0435\u0433\u043e\u0440\u0438\u044f \u0438\u043d\u0432\u0435\u0441\u0442\u0438\u0446\u0438\u0439", "content_type": 41, "codename": "view_investioncategory"}}, {"model": "auth.permission", "pk": 165, "fields": {"name": "Can add \u0424\u043e\u0440\u043c\u0430\u0442 \u0438\u043d\u0432\u0435\u0441\u0442\u0438\u0446\u0438\u0439", "content_type": 42, "codename": "add_investionformat"}}, {"model": "auth.permission", "pk": 166, "fields": {"name": "Can change \u0424\u043e\u0440\u043c\u0430\u0442 \u0438\u043d\u0432\u0435\u0441\u0442\u0438\u0446\u0438\u0439", "content_type": 42, "codename": "change_investionformat"}}, {"model": "auth.permission", "pk": 167, "fields": {"name": "Can delete \u0424\u043e\u0440\u043c\u0430\u0442 \u0438\u043d\u0432\u0435\u0441\u0442\u0438\u0446\u0438\u0439", "content_type": 42, "codename": "delete_investionformat"}}, {"model": "auth.permission", "pk": 168, "fields": {"name": "Can view \u0424\u043e\u0440\u043c\u0430\u0442 \u0438\u043d\u0432\u0435\u0441\u0442\u0438\u0446\u0438\u0439", "content_type": 42, "codename": "view_investionformat"}}, {"model": "auth.permission", "pk": 169, "fields": {"name": "Can add \u0420\u0435\u0437\u0443\u043b\u044c\u0442\u0430\u0442 \u0438\u043d\u0432\u0435\u0441\u0442\u0438\u0446\u0438\u0438", "content_type": 43, "codename": "add_investionresultpoint"}}, {"model": "auth.permission", "pk": 170, "fields": {"name": "Can change \u0420\u0435\u0437\u0443\u043b\u044c\u0442\u0430\u0442 \u0438\u043d\u0432\u0435\u0441\u0442\u0438\u0446\u0438\u0438", "content_type": 43, "codename": "change_investionresultpoint"}}, {"model": "auth.permission", "pk": 171, "fields": {"name": "Can delete \u0420\u0435\u0437\u0443\u043b\u044c\u0442\u0430\u0442 \u0438\u043d\u0432\u0435\u0441\u0442\u0438\u0446\u0438\u0438", "content_type": 43, "codename": "delete_investionresultpoint"}}, {"model": "auth.permission", "pk": 172, "fields": {"name": "Can view \u0420\u0435\u0437\u0443\u043b\u044c\u0442\u0430\u0442 \u0438\u043d\u0432\u0435\u0441\u0442\u0438\u0446\u0438\u0438", "content_type": 43, "codename": "view_investionresultpoint"}}, {"model": "auth.permission", "pk": 173, "fields": {"name": "Can add \u041a\u0443\u0440\u0441", "content_type": 44, "codename": "add_investion"}}, {"model": "auth.permission", "pk": 174, "fields": {"name": "Can change \u041a\u0443\u0440\u0441", "content_type": 44, "codename": "change_investion"}}, {"model": "auth.permission", "pk": 175, "fields": {"name": "Can delete \u041a\u0443\u0440\u0441", "content_type": 44, "codename": "delete_investion"}}, {"model": "auth.permission", "pk": 176, "fields": {"name": "Can view \u041a\u0443\u0440\u0441", "content_type": 44, "codename": "view_investion"}}, {"model": "auth.permission", "pk": 177, "fields": {"name": "Can add \u0417\u0430\u043a\u0430\u0437 \u0438\u043d\u0432\u0435\u0441\u0442\u0438\u0446\u0438\u0438", "content_type": 45, "codename": "add_investionorder"}}, {"model": "auth.permission", "pk": 178, "fields": {"name": "Can change \u0417\u0430\u043a\u0430\u0437 \u0438\u043d\u0432\u0435\u0441\u0442\u0438\u0446\u0438\u0438", "content_type": 45, "codename": "change_investionorder"}}, {"model": "auth.permission", "pk": 179, "fields": {"name": "Can delete \u0417\u0430\u043a\u0430\u0437 \u0438\u043d\u0432\u0435\u0441\u0442\u0438\u0446\u0438\u0438", "content_type": 45, "codename": "delete_investionorder"}}, {"model": "auth.permission", "pk": 180, "fields": {"name": "Can view \u0417\u0430\u043a\u0430\u0437 \u0438\u043d\u0432\u0435\u0441\u0442\u0438\u0446\u0438\u0438", "content_type": 45, "codename": "view_investionorder"}}, {"model": "auth.permission", "pk": 181, "fields": {"name": "Can add \u0421\u0442\u0430\u0442\u0443\u0441 \u0437\u0430\u043a\u0430\u0437\u0430", "content_type": 46, "codename": "add_statusinvestionorder"}}, {"model": "auth.permission", "pk": 182, "fields": {"name": "Can change \u0421\u0442\u0430\u0442\u0443\u0441 \u0437\u0430\u043a\u0430\u0437\u0430", "content_type": 46, "codename": "change_statusinvestionorder"}}, {"model": "auth.permission", "pk": 183, "fields": {"name": "Can delete \u0421\u0442\u0430\u0442\u0443\u0441 \u0437\u0430\u043a\u0430\u0437\u0430", "content_type": 46, "codename": "delete_statusinvestionorder"}}, {"model": "auth.permission", "pk": 184, "fields": {"name": "Can view \u0421\u0442\u0430\u0442\u0443\u0441 \u0437\u0430\u043a\u0430\u0437\u0430", "content_type": 46, "codename": "view_statusinvestionorder"}}, {"model": "auth.permission", "pk": 185, "fields": {"name": "Can add \u041f\u0443\u043d\u043a\u0442 \u043f\u043b\u0430\u043d\u0430 \u0438\u043d\u0432\u0435\u0441\u0442\u0438\u0446\u0438\u0438", "content_type": 47, "codename": "add_investionplanpoint"}}, {"model": "auth.permission", "pk": 186, "fields": {"name": "Can change \u041f\u0443\u043d\u043a\u0442 \u043f\u043b\u0430\u043d\u0430 \u0438\u043d\u0432\u0435\u0441\u0442\u0438\u0446\u0438\u0438", "content_type": 47, "codename": "change_investionplanpoint"}}, {"model": "auth.permission", "pk": 187, "fields": {"name": "Can delete \u041f\u0443\u043d\u043a\u0442 \u043f\u043b\u0430\u043d\u0430 \u0438\u043d\u0432\u0435\u0441\u0442\u0438\u0446\u0438\u0438", "content_type": 47, "codename": "delete_investionplanpoint"}}, {"model": "auth.permission", "pk": 188, "fields": {"name": "Can view \u041f\u0443\u043d\u043a\u0442 \u043f\u043b\u0430\u043d\u0430 \u0438\u043d\u0432\u0435\u0441\u0442\u0438\u0446\u0438\u0438", "content_type": 47, "codename": "view_investionplanpoint"}}, {"model": "auth.permission", "pk": 189, "fields": {"name": "Can add \u0411\u0440\u043e\u043a\u0435\u0440", "content_type": 48, "codename": "add_bill"}}, {"model": "auth.permission", "pk": 190, "fields": {"name": "Can change \u0411\u0440\u043e\u043a\u0435\u0440", "content_type": 48, "codename": "change_bill"}}, {"model": "auth.permission", "pk": 191, "fields": {"name": "Can delete \u0411\u0440\u043e\u043a\u0435\u0440", "content_type": 48, "codename": "delete_bill"}}, {"model": "auth.permission", "pk": 192, "fields": {"name": "Can view \u0411\u0440\u043e\u043a\u0435\u0440", "content_type": 48, "codename": "view_bill"}}, {"model": "auth.permission", "pk": 193, "fields": {"name": "Can add \u0427\u0442\u043e \u0434\u0430\u0435\u0442 \u0447\u043b\u0435\u043d\u0441\u0442\u0432\u043e \u043a\u043b\u0443\u0431\u0430", "content_type": 49, "codename": "add_memberpreference"}}, {"model": "auth.permission", "pk": 194, "fields": {"name": "Can change \u0427\u0442\u043e \u0434\u0430\u0435\u0442 \u0447\u043b\u0435\u043d\u0441\u0442\u0432\u043e \u043a\u043b\u0443\u0431\u0430", "content_type": 49, "codename": "change_memberpreference"}}, {"model": "auth.permission", "pk": 195, "fields": {"name": "Can delete \u0427\u0442\u043e \u0434\u0430\u0435\u0442 \u0447\u043b\u0435\u043d\u0441\u0442\u0432\u043e \u043a\u043b\u0443\u0431\u0430", "content_type": 49, "codename": "delete_memberpreference"}}, {"model": "auth.permission", "pk": 196, "fields": {"name": "Can view \u0427\u0442\u043e \u0434\u0430\u0435\u0442 \u0447\u043b\u0435\u043d\u0441\u0442\u0432\u043e \u043a\u043b\u0443\u0431\u0430", "content_type": 49, "codename": "view_memberpreference"}}, {"model": "auth.user", "pk": 37, "fields": {"password": "pbkdf2_sha256$120000$pegRYn7OkzN8$li0Ee2h/IGaYnwnwdp9SUhDUdkCDB0nJsadpO0Upz5E=", "last_login": "2019-03-29T14:26:29.625Z", "is_superuser": true, "username": "max_spacer", "first_name": "", "last_name": "", "email": "", "is_staff": true, "is_active": true, "date_joined": "2019-02-14T09:56:55.928Z", "groups": [], "user_permissions": []}}, {"model": "accounts.profile", "pk": 24, "fields": {"user": 37, "reflink": "wsbs37", "referals_qty": 0}}, {"model": "admin.logentry", "pk": 796, "fields": {"action_time": "2019-02-14T13:25:33.267Z", "user": 37, "content_type": 18, "object_id": "11", "object_repr": "\u041e\u043d\u043b\u0430\u0439\u043d", "action_flag": 1, "change_message": "[{\"added\": {}}]"}}, {"model": "admin.logentry", "pk": 797, "fields": {"action_time": "2019-02-15T15:02:10.857Z", "user": 37, "content_type": 23, "object_id": "1", "object_repr": "\u041e \u043d\u0430\u0441.", "action_flag": 2, "change_message": "[{\"changed\": {\"fields\": [\"content\"]}}]"}}, {"model": "admin.logentry", "pk": 798, "fields": {"action_time": "2019-02-15T15:03:56.642Z", "user": 37, "content_type": 23, "object_id": "1", "object_repr": "\u041e \u043d\u0430\u0441.", "action_flag": 2, "change_message": "[{\"changed\": {\"fields\": [\"content\"]}}]"}}, {"model": "admin.logentry", "pk": 799, "fields": {"action_time": "2019-02-15T15:08:09.565Z", "user": 37, "content_type": 23, "object_id": "1", "object_repr": "\u041e \u043d\u0430\u0441.", "action_flag": 2, "change_message": "[{\"changed\": {\"fields\": [\"content\"]}}]"}}, {"model": "admin.logentry", "pk": 800, "fields": {"action_time": "2019-02-15T15:09:20.460Z", "user": 37, "content_type": 23, "object_id": "1", "object_repr": "\u041e \u043d\u0430\u0441.", "action_flag": 2, "change_message": "[{\"changed\": {\"fields\": [\"content\"]}}]"}}, {"model": "admin.logentry", "pk": 801, "fields": {"action_time": "2019-02-15T15:09:53.472Z", "user": 37, "content_type": 23, "object_id": "1", "object_repr": "\u041e \u043d\u0430\u0441.", "action_flag": 2, "change_message": "[{\"changed\": {\"fields\": [\"content\"]}}]"}}, {"model": "admin.logentry", "pk": 802, "fields": {"action_time": "2019-02-15T15:59:51.165Z", "user": 37, "content_type": 32, "object_id": "4", "object_repr": "button", "action_flag": 2, "change_message": "[{\"changed\": {\"fields\": [\"is_active\"]}}]"}}, {"model": "admin.logentry", "pk": 803, "fields": {"action_time": "2019-02-15T15:59:58.586Z", "user": 37, "content_type": 32, "object_id": "2", "object_repr": "none", "action_flag": 2, "change_message": "[{\"changed\": {\"fields\": [\"is_active\"]}}]"}}, {"model": "admin.logentry", "pk": 804, "fields": {"action_time": "2019-02-15T16:00:09.459Z", "user": 37, "content_type": 32, "object_id": "1", "object_repr": "none", "action_flag": 2, "change_message": "[{\"changed\": {\"fields\": [\"is_active\"]}}]"}}, {"model": "admin.logentry", "pk": 805, "fields": {"action_time": "2019-02-15T16:00:16.875Z", "user": 37, "content_type": 32, "object_id": "2", "object_repr": "none", "action_flag": 2, "change_message": "[{\"changed\": {\"fields\": [\"is_active\"]}}]"}}, {"model": "admin.logentry", "pk": 806, "fields": {"action_time": "2019-02-15T17:32:54.625Z", "user": 37, "content_type": 23, "object_id": "1", "object_repr": "\u041e \u043d\u0430\u0441.", "action_flag": 2, "change_message": "[{\"changed\": {\"fields\": [\"content\"]}}]"}}, {"model": "admin.logentry", "pk": 807, "fields": {"action_time": "2019-02-18T12:34:40.469Z", "user": 37, "content_type": 23, "object_id": "1", "object_repr": "\u041e \u043d\u0430\u0441.", "action_flag": 2, "change_message": "[{\"changed\": {\"fields\": [\"content\"]}}]"}}, {"model": "admin.logentry", "pk": 808, "fields": {"action_time": "2019-02-18T22:40:26.062Z", "user": 37, "content_type": 32, "object_id": "2", "object_repr": "none", "action_flag": 2, "change_message": "[{\"changed\": {\"fields\": [\"content\"]}}]"}}, {"model": "admin.logentry", "pk": 809, "fields": {"action_time": "2019-03-29T15:38:18.436Z", "user": 37, "content_type": 38, "object_id": "1", "object_repr": "\u0410\u043b\u0435\u043a\u0441\u0430\u043d\u0434\u0440 \u041d\u0438\u043a\u0438\u0442\u0438\u043d", "action_flag": 1, "change_message": "[{\"added\": {}}]"}}, {"model": "admin.logentry", "pk": 810, "fields": {"action_time": "2019-03-29T15:38:27.014Z", "user": 37, "content_type": 38, "object_id": "1", "object_repr": "\u0410\u043b\u0435\u043a\u0441\u0430\u043d\u0434\u0440 \u041d\u0438\u043a\u0438\u0442\u0438\u043d", "action_flag": 2, "change_message": "[{\"changed\": {\"fields\": [\"is_active\"]}}]"}}, {"model": "admin.logentry", "pk": 811, "fields": {"action_time": "2019-03-29T15:38:37.264Z", "user": 37, "content_type": 38, "object_id": "2", "object_repr": "\u0410\u043b\u0435\u043a\u0441\u0430\u043d\u0434\u0440 \u041d\u0438\u043a\u0438\u0442\u0438\u043d", "action_flag": 1, "change_message": "[{\"added\": {}}]"}}, {"model": "admin.logentry", "pk": 812, "fields": {"action_time": "2019-03-29T15:38:49.263Z", "user": 37, "content_type": 38, "object_id": "3", "object_repr": "\u0410\u043b\u0435\u043a\u0441\u0430\u043d\u0434\u0440 \u041d\u0438\u043a\u0438\u0442\u0438\u043d", "action_flag": 1, "change_message": "[{\"added\": {}}]"}}, {"model": "admin.logentry", "pk": 813, "fields": {"action_time": "2019-03-29T15:39:01.294Z", "user": 37, "content_type": 38, "object_id": "4", "object_repr": "\u0410\u043b\u0435\u043a\u0441\u0430\u043d\u0434\u0440 \u041d\u0438\u043a\u0438\u0442\u0438\u043d", "action_flag": 1, "change_message": "[{\"added\": {}}]"}}, {"model": "admin.logentry", "pk": 814, "fields": {"action_time": "2019-03-29T15:39:11.497Z", "user": 37, "content_type": 38, "object_id": "5", "object_repr": "\u0410\u043b\u0435\u043a\u0441\u0430\u043d\u0434\u0440 \u041d\u0438\u043a\u0438\u0442\u0438\u043d", "action_flag": 1, "change_message": "[{\"added\": {}}]"}}, {"model": "admin.logentry", "pk": 815, "fields": {"action_time": "2019-03-29T15:39:22.295Z", "user": 37, "content_type": 38, "object_id": "6", "object_repr": "\u0410\u043b\u0435\u043a\u0441\u0430\u043d\u0434\u0440 \u041d\u0438\u043a\u0438\u0442\u0438\u043d", "action_flag": 1, "change_message": "[{\"added\": {}}]"}}, {"model": "admin.logentry", "pk": 816, "fields": {"action_time": "2019-03-29T19:09:12.830Z", "user": 37, "content_type": 38, "object_id": "7", "object_repr": "\u0410\u043b\u0435\u043a\u0441\u0430\u043d\u0434\u0440 \u041d\u0438\u043a\u0438\u0442\u0438\u043d", "action_flag": 1, "change_message": "[{\"added\": {}}]"}}, {"model": "admin.logentry", "pk": 817, "fields": {"action_time": "2019-03-29T19:09:42.451Z", "user": 37, "content_type": 38, "object_id": "8", "object_repr": "\u0410\u043b\u0435\u043a\u0441\u0430\u043d\u0434\u0440 \u041d\u0438\u043a\u0438\u0442\u0438\u043d", "action_flag": 1, "change_message": "[{\"added\": {}}]"}}, {"model": "admin.logentry", "pk": 818, "fields": {"action_time": "2019-03-29T21:35:52.340Z", "user": 37, "content_type": 38, "object_id": "8", "object_repr": "\u0410\u043b\u0435\u043a\u0441\u0430\u043d\u0434\u0440 \u041d\u0438\u043a\u0438\u0442\u0438\u043d", "action_flag": 2, "change_message": "[{\"changed\": {\"fields\": [\"image\"]}}]"}}, {"model": "admin.logentry", "pk": 819, "fields": {"action_time": "2019-03-29T21:36:07.054Z", "user": 37, "content_type": 38, "object_id": "7", "object_repr": "\u0410\u043b\u0435\u043a\u0441\u0430\u043d\u0434\u0440 \u041d\u0438\u043a\u0438\u0442\u0438\u043d", "action_flag": 2, "change_message": "[{\"changed\": {\"fields\": [\"image\"]}}]"}}, {"model": "admin.logentry", "pk": 820, "fields": {"action_time": "2019-03-30T14:46:14.491Z", "user": 37, "content_type": 37, "object_id": "1", "object_repr": "\u043e\u043d\u043b\u0430\u0439\u043d", "action_flag": 1, "change_message": "[{\"added\": {}}]"}}, {"model": "admin.logentry", "pk": 821, "fields": {"action_time": "2019-03-30T15:11:50.553Z", "user": 37, "content_type": 18, "object_id": "12", "object_repr": "trerte", "action_flag": 1, "change_message": "[{\"added\": {}}, {\"added\": {\"name\": \"\\u0424\\u043e\\u0442\\u043e\\u0433\\u0440\\u0430\\u0444\\u0438\\u044f \\u043c\\u0435\\u0440\\u043e\\u043f\\u0440\\u0438\\u044f\\u0442\\u0438\\u044f\", \"object\": \"product_images/47.png\"}}]"}}, {"model": "admin.logentry", "pk": 822, "fields": {"action_time": "2019-03-30T15:20:42.425Z", "user": 37, "content_type": 37, "object_id": "1", "object_repr": "\u041e\u043d\u043b\u0430\u0439\u043d", "action_flag": 2, "change_message": "[{\"changed\": {\"fields\": [\"name\"]}}]"}}, {"model": "admin.logentry", "pk": 823, "fields": {"action_time": "2019-03-30T15:20:49.750Z", "user": 37, "content_type": 37, "object_id": "2", "object_repr": "\u041e\u0447\u043d\u0430\u044f", "action_flag": 1, "change_message": "[{\"added\": {}}]"}}, {"model": "admin.logentry", "pk": 824, "fields": {"action_time": "2019-03-30T15:22:01.867Z", "user": 37, "content_type": 18, "object_id": "13", "object_repr": "\u0444\u0432\u0444\u044b\u0432\u0444\u044b\u0432\u0444\u044b\u0432", "action_flag": 1, "change_message": "[{\"added\": {}}, {\"added\": {\"name\": \"\\u0424\\u043e\\u0442\\u043e\\u0433\\u0440\\u0430\\u0444\\u0438\\u044f \\u043c\\u0435\\u0440\\u043e\\u043f\\u0440\\u0438\\u044f\\u0442\\u0438\\u044f\", \"object\": \"product_images/11.PNG\"}}]"}}, {"model": "admin.logentry", "pk": 825, "fields": {"action_time": "2019-03-30T17:40:20.242Z", "user": 37, "content_type": 18, "object_id": "11", "object_repr": "\u041e\u043d\u043b\u0430\u0439\u043d", "action_flag": 2, "change_message": "[{\"changed\": {\"fields\": [\"format\", \"event_date\"]}}, {\"added\": {\"name\": \"\\u0424\\u043e\\u0442\\u043e\\u0433\\u0440\\u0430\\u0444\\u0438\\u044f \\u043c\\u0435\\u0440\\u043e\\u043f\\u0440\\u0438\\u044f\\u0442\\u0438\\u044f\", \"object\": \"product_images/img36.png\"}}]"}}, {"model": "admin.logentry", "pk": 826, "fields": {"action_time": "2019-03-30T17:41:00.703Z", "user": 37, "content_type": 18, "object_id": "10", "object_repr": "\u041d\u0435\u0434\u0435\u043b\u044f \u043e\u0442\u043a\u0440\u044b\u0442\u044b\u0445 \u0434\u0432\u0435\u0440\u0435\u0439", "action_flag": 2, "change_message": "[{\"changed\": {\"fields\": [\"category\", \"format\", \"event_date\"]}}, {\"added\": {\"name\": \"\\u0424\\u043e\\u0442\\u043e\\u0433\\u0440\\u0430\\u0444\\u0438\\u044f \\u043c\\u0435\\u0440\\u043e\\u043f\\u0440\\u0438\\u044f\\u0442\\u0438\\u044f\", \"object\": \"product_images/img38.png\"}}]"}}, {"model": "admin.logentry", "pk": 827, "fields": {"action_time": "2019-03-30T18:46:55.399Z", "user": 37, "content_type": 18, "object_id": "10", "object_repr": "\u041d\u0435\u0434\u0435\u043b\u044f \u043e\u0442\u043a\u0440\u044b\u0442\u044b\u0445 \u0434\u0432\u0435\u0440\u0435\u0439", "action_flag": 2, "change_message": "[{\"changed\": {\"fields\": [\"format\"]}}]"}}, {"model": "admin.logentry", "pk": 828, "fields": {"action_time": "2019-03-30T18:51:01.285Z", "user": 37, "content_type": 18, "object_id": "13", "object_repr": "\u0444\u0432\u0444\u044b\u0432\u0444\u044b\u0432\u0444\u044b\u0432 werfwerfw werfww", "action_flag": 2, "change_message": "[{\"changed\": {\"fields\": [\"name\", \"description\"]}}]"}}, {"model": "admin.logentry", "pk": 829, "fields": {"action_time": "2019-03-30T18:51:15.956Z", "user": 37, "content_type": 18, "object_id": "12", "object_repr": "trerte", "action_flag": 2, "change_message": "[{\"changed\": {\"fields\": [\"description\"]}}]"}}, {"model": "admin.logentry", "pk": 830, "fields": {"action_time": "2019-03-30T18:51:50.510Z", "user": 37, "content_type": 18, "object_id": "11", "object_repr": "\u041e\u043d\u043b\u0430\u0439\u043d", "action_flag": 2, "change_message": "[{\"changed\": {\"fields\": [\"description\"]}}]"}}, {"model": "admin.logentry", "pk": 831, "fields": {"action_time": "2019-03-30T18:55:29.046Z", "user": 37, "content_type": 18, "object_id": "11", "object_repr": "\u041e\u043d\u043b\u0430\u0439\u043d \u041e\u043d\u043b\u0430\u0439\u043d \u041e\u043d\u043b\u0430\u0439\u043d", "action_flag": 2, "change_message": "[{\"changed\": {\"fields\": [\"name\"]}}]"}}, {"model": "admin.logentry", "pk": 832, "fields": {"action_time": "2019-03-30T23:29:52.798Z", "user": 37, "content_type": 34, "object_id": "2", "object_repr": "\u041e\u0447\u043d\u043e", "action_flag": 2, "change_message": "[{\"changed\": {\"fields\": [\"name\"]}}]"}}, {"model": "admin.logentry", "pk": 833, "fields": {"action_time": "2019-03-30T23:32:19.504Z", "user": 37, "content_type": 25, "object_id": "5", "object_repr": "\u0410\u043b\u0435\u043a\u0441\u0430\u043d\u0434\u0440 \u041d\u0438\u043a\u0438\u0442\u0438\u043d", "action_flag": 1, "change_message": "[{\"added\": {}}]"}}, {"model": "admin.logentry", "pk": 834, "fields": {"action_time": "2019-03-30T23:47:52.446Z", "user": 37, "content_type": 26, "object_id": "3", "object_repr": "\u0424\u043e\u043d\u0434\u043e\u0432\u044b\u0439", "action_flag": 2, "change_message": "[{\"changed\": {\"fields\": [\"name\"]}}]"}}, {"model": "admin.logentry", "pk": 835, "fields": {"action_time": "2019-03-30T23:47:57.443Z", "user": 37, "content_type": 26, "object_id": "4", "object_repr": "\u0421\u0440\u043e\u0447\u043d\u044b\u0439", "action_flag": 2, "change_message": "[{\"changed\": {\"fields\": [\"name\"]}}]"}}, {"model": "admin.logentry", "pk": 836, "fields": {"action_time": "2019-03-30T23:48:08.015Z", "user": 37, "content_type": 26, "object_id": "1", "object_repr": "\u041e\u0431\u0449\u0438\u0435", "action_flag": 3, "change_message": ""}}, {"model": "admin.logentry", "pk": 837, "fields": {"action_time": "2019-03-31T00:06:40.984Z", "user": 37, "content_type": 25, "object_id": "6", "object_repr": "dfgd \u043b\u0430\u0439\u043d fdgfddfg", "action_flag": 1, "change_message": "[{\"added\": {}}]"}}, {"model": "admin.logentry", "pk": 838, "fields": {"action_time": "2019-03-31T01:37:49.750Z", "user": 37, "content_type": 25, "object_id": "6", "object_repr": "dfgd \u043b\u0430\u0439\u043d fdgfddfg", "action_flag": 2, "change_message": "[{\"changed\": {\"fields\": [\"description\"]}}]"}}, {"model": "admin.logentry", "pk": 839, "fields": {"action_time": "2019-03-31T21:28:28.309Z", "user": 37, "content_type": 25, "object_id": "6", "object_repr": "dfgd \u043b\u0430\u0439\u043d fdgfddfg", "action_flag": 2, "change_message": "[{\"added\": {\"name\": \"\\u041f\\u0443\\u043d\\u043a\\u0442 \\u043f\\u043b\\u0430\\u043d\\u0430 \\u043a\\u0443\\u0440\\u0441\\u0430\", \"object\": \"\\u0412\\u0432\\u043e\\u0434\\u043d\\u043e\\u0435 \\u0437\\u0430\\u043d\\u044f\\u0442\\u0438\\u0435\"}}, {\"added\": {\"name\": \"\\u041f\\u0443\\u043d\\u043a\\u0442 \\u043f\\u043b\\u0430\\u043d\\u0430 \\u043a\\u0443\\u0440\\u0441\\u0430\", \"object\": \"\\u0421\\u0442\\u0430\\u0442\\u0438\\u0441\\u0442\\u0438\\u043a\\u0430 \\u0432 \\u0442\\u0440\\u0435\\u0439\\u0434\\u0438\\u043d\\u0433\\u0435\"}}, {\"added\": {\"name\": \"\\u041f\\u0443\\u043d\\u043a\\u0442 \\u043f\\u043b\\u0430\\u043d\\u0430 \\u043a\\u0443\\u0440\\u0441\\u0430\", \"object\": \"\\u0422\\u0440\\u0435\\u043d\\u0434 \\u0438 \\u043a\\u0430\\u043d\\u0430\\u043b\"}}]"}}, {"model": "admin.logentry", "pk": 840, "fields": {"action_time": "2019-03-31T23:38:34.925Z", "user": 37, "content_type": 25, "object_id": "6", "object_repr": "dfgd \u043b\u0430\u0439\u043d fdgfddfg", "action_flag": 2, "change_message": "[{\"changed\": {\"name\": \"\\u041f\\u0443\\u043d\\u043a\\u0442 \\u043f\\u043b\\u0430\\u043d\\u0430 \\u043a\\u0443\\u0440\\u0441\\u0430\", \"object\": \"\\u0412\\u0432\\u043e\\u0434\\u043d\\u043e\\u0435 \\u0437\\u0430\\u043d\\u044f\\u0442\\u0438\\u0435\", \"fields\": [\"content\"]}}, {\"changed\": {\"name\": \"\\u041f\\u0443\\u043d\\u043a\\u0442 \\u043f\\u043b\\u0430\\u043d\\u0430 \\u043a\\u0443\\u0440\\u0441\\u0430\", \"object\": \"\\u0421\\u0442\\u0430\\u0442\\u0438\\u0441\\u0442\\u0438\\u043a\\u0430 \\u0432 \\u0442\\u0440\\u0435\\u0439\\u0434\\u0438\\u043d\\u0433\\u0435\", \"fields\": [\"content\"]}}, {\"changed\": {\"name\": \"\\u041f\\u0443\\u043d\\u043a\\u0442 \\u043f\\u043b\\u0430\\u043d\\u0430 \\u043a\\u0443\\u0440\\u0441\\u0430\", \"object\": \"\\u0422\\u0440\\u0435\\u043d\\u0434 \\u0438 \\u043a\\u0430\\u043d\\u0430\\u043b\", \"fields\": [\"content\"]}}]"}}, {"model": "admin.logentry", "pk": 841, "fields": {"action_time": "2019-03-31T23:47:37.308Z", "user": 37, "content_type": 25, "object_id": "6", "object_repr": "dfgd \u043b\u0430\u0439\u043d fdgfddfg", "action_flag": 2, "change_message": "[{\"changed\": {\"name\": \"\\u041f\\u0443\\u043d\\u043a\\u0442 \\u043f\\u043b\\u0430\\u043d\\u0430 \\u043a\\u0443\\u0440\\u0441\\u0430\", \"object\": \"\\u0412\\u0432\\u043e\\u0434\\u043d\\u043e\\u0435 \\u0437\\u0430\\u043d\\u044f\\u0442\\u0438\\u0435\", \"fields\": [\"content\"]}}, {\"changed\": {\"name\": \"\\u041f\\u0443\\u043d\\u043a\\u0442 \\u043f\\u043b\\u0430\\u043d\\u0430 \\u043a\\u0443\\u0440\\u0441\\u0430\", \"object\": \"\\u0421\\u0442\\u0430\\u0442\\u0438\\u0441\\u0442\\u0438\\u043a\\u0430 \\u0432 \\u0442\\u0440\\u0435\\u0439\\u0434\\u0438\\u043d\\u0433\\u0435\", \"fields\": [\"content\"]}}, {\"changed\": {\"name\": \"\\u041f\\u0443\\u043d\\u043a\\u0442 \\u043f\\u043b\\u0430\\u043d\\u0430 \\u043a\\u0443\\u0440\\u0441\\u0430\", \"object\": \"\\u0422\\u0440\\u0435\\u043d\\u0434 \\u0438 \\u043a\\u0430\\u043d\\u0430\\u043b\", \"fields\": [\"content\"]}}]"}}, {"model": "admin.logentry", "pk": 842, "fields": {"action_time": "2019-03-31T23:49:47.783Z", "user": 37, "content_type": 25, "object_id": "6", "object_repr": "dfgd \u043b\u0430\u0439\u043d fdgfddfg", "action_flag": 2, "change_message": "[{\"changed\": {\"name\": \"\\u041f\\u0443\\u043d\\u043a\\u0442 \\u043f\\u043b\\u0430\\u043d\\u0430 \\u043a\\u0443\\u0440\\u0441\\u0430\", \"object\": \"\\u0412\\u0432\\u043e\\u0434\\u043d\\u043e\\u0435 \\u0437\\u0430\\u043d\\u044f\\u0442\\u0438\\u0435\", \"fields\": [\"content\"]}}, {\"changed\": {\"name\": \"\\u041f\\u0443\\u043d\\u043a\\u0442 \\u043f\\u043b\\u0430\\u043d\\u0430 \\u043a\\u0443\\u0440\\u0441\\u0430\", \"object\": \"\\u0421\\u0442\\u0430\\u0442\\u0438\\u0441\\u0442\\u0438\\u043a\\u0430 \\u0432 \\u0442\\u0440\\u0435\\u0439\\u0434\\u0438\\u043d\\u0433\\u0435\", \"fields\": [\"content\"]}}, {\"changed\": {\"name\": \"\\u041f\\u0443\\u043d\\u043a\\u0442 \\u043f\\u043b\\u0430\\u043d\\u0430 \\u043a\\u0443\\u0440\\u0441\\u0430\", \"object\": \"\\u0422\\u0440\\u0435\\u043d\\u0434 \\u0438 \\u043a\\u0430\\u043d\\u0430\\u043b\", \"fields\": [\"content\"]}}]"}}, {"model": "admin.logentry", "pk": 843, "fields": {"action_time": "2019-03-31T23:59:40.560Z", "user": 37, "content_type": 25, "object_id": "6", "object_repr": "dfgd \u043b\u0430\u0439\u043d fdgfddfg", "action_flag": 2, "change_message": "[{\"changed\": {\"name\": \"\\u041f\\u0443\\u043d\\u043a\\u0442 \\u043f\\u043b\\u0430\\u043d\\u0430 \\u043a\\u0443\\u0440\\u0441\\u0430\", \"object\": \"\\u0412\\u0432\\u043e\\u0434\\u043d\\u043e\\u0435 \\u0437\\u0430\\u043d\\u044f\\u0442\\u0438\\u0435\", \"fields\": [\"content\"]}}, {\"changed\": {\"name\": \"\\u041f\\u0443\\u043d\\u043a\\u0442 \\u043f\\u043b\\u0430\\u043d\\u0430 \\u043a\\u0443\\u0440\\u0441\\u0430\", \"object\": \"\\u0421\\u0442\\u0430\\u0442\\u0438\\u0441\\u0442\\u0438\\u043a\\u0430 \\u0432 \\u0442\\u0440\\u0435\\u0439\\u0434\\u0438\\u043d\\u0433\\u0435\", \"fields\": [\"content\"]}}, {\"changed\": {\"name\": \"\\u041f\\u0443\\u043d\\u043a\\u0442 \\u043f\\u043b\\u0430\\u043d\\u0430 \\u043a\\u0443\\u0440\\u0441\\u0430\", \"object\": \"\\u0422\\u0440\\u0435\\u043d\\u0434 \\u0438 \\u043a\\u0430\\u043d\\u0430\\u043b\", \"fields\": [\"content\"]}}]"}}, {"model": "admin.logentry", "pk": 844, "fields": {"action_time": "2019-04-01T14:44:14.417Z", "user": 37, "content_type": 42, "object_id": "1", "object_repr": ">30%", "action_flag": 1, "change_message": "[{\"added\": {}}]"}}, {"model": "admin.logentry", "pk": 845, "fields": {"action_time": "2019-04-01T14:44:23.417Z", "user": 37, "content_type": 42, "object_id": "2", "object_repr": "10-12%", "action_flag": 1, "change_message": "[{\"added\": {}}]"}}, {"model": "admin.logentry", "pk": 846, "fields": {"action_time": "2019-04-01T14:44:31.094Z", "user": 37, "content_type": 42, "object_id": "3", "object_repr": "10%", "action_flag": 1, "change_message": "[{\"added\": {}}]"}}, {"model": "admin.logentry", "pk": 847, "fields": {"action_time": "2019-04-01T14:46:39.987Z", "user": 37, "content_type": 44, "object_id": "1", "object_repr": "\u0411\u043e\u043b\u044c\u0448\u043e\u0439 \u043f\u043e\u0440\u0442\u0444\u0435\u043b\u044c", "action_flag": 1, "change_message": "[{\"added\": {}}, {\"added\": {\"name\": \"\\u041f\\u0443\\u043d\\u043a\\u0442 \\u043f\\u043b\\u0430\\u043d\\u0430 \\u0438\\u043d\\u0432\\u0435\\u0441\\u0442\\u0438\\u0446\\u0438\\u0438\", \"object\": \"awd\"}}]"}}, {"model": "admin.logentry", "pk": 848, "fields": {"action_time": "2019-04-01T14:47:27.879Z", "user": 37, "content_type": 44, "object_id": "2", "object_repr": "\u0421\u0440\u0435\u0434\u043d\u0438\u0439 \u043f\u043e\u0440\u0442\u0444\u0435\u043b\u044c", "action_flag": 1, "change_message": "[{\"added\": {}}]"}}, {"model": "admin.logentry", "pk": 849, "fields": {"action_time": "2019-04-01T14:49:11.568Z", "user": 37, "content_type": 44, "object_id": "1", "object_repr": "\u0411\u043e\u043b\u044c\u0448\u043e\u0439 \u043f\u043e\u0440\u0442\u0444\u0435\u043b\u044c", "action_flag": 2, "change_message": "[{\"changed\": {\"fields\": [\"publicated\"]}}]"}}, {"model": "admin.logentry", "pk": 850, "fields": {"action_time": "2019-04-01T14:51:41.801Z", "user": 37, "content_type": 44, "object_id": "3", "object_repr": "\u0421\u0440\u0435\u0434\u043d\u0438\u0439 \u043f\u043e\u0440\u0442\u0444\u0435\u043b\u044c", "action_flag": 1, "change_message": "[{\"added\": {}}]"}}, {"model": "admin.logentry", "pk": 851, "fields": {"action_time": "2019-04-01T14:51:56.923Z", "user": 37, "content_type": 44, "object_id": "2", "object_repr": "\u0411\u043e\u043b\u044c\u0448\u043e\u0439 \u043f\u043e\u0440\u0442\u0444\u0435\u043b\u044c", "action_flag": 2, "change_message": "[{\"changed\": {\"fields\": [\"name\"]}}]"}}, {"model": "admin.logentry", "pk": 852, "fields": {"action_time": "2019-04-01T14:52:11.723Z", "user": 37, "content_type": 44, "object_id": "1", "object_repr": "\u041c\u0430\u043b\u044b\u0439 \u043f\u043e\u0440\u0442\u0444\u0435\u043b\u044c", "action_flag": 2, "change_message": "[{\"changed\": {\"fields\": [\"name\"]}}]"}}, {"model": "admin.logentry", "pk": 853, "fields": {"action_time": "2019-04-01T15:05:38.834Z", "user": 37, "content_type": 44, "object_id": "1", "object_repr": "\u041c\u0430\u043b\u044b\u0439 \u043f\u043e\u0440\u0442\u0444\u0435\u043b\u044c", "action_flag": 2, "change_message": "[{\"changed\": {\"fields\": [\"description\"]}}]"}}, {"model": "admin.logentry", "pk": 854, "fields": {"action_time": "2019-04-01T15:06:15.740Z", "user": 37, "content_type": 44, "object_id": "2", "object_repr": "\u0411\u043e\u043b\u044c\u0448\u043e\u0439 \u043f\u043e\u0440\u0442\u0444\u0435\u043b\u044c", "action_flag": 2, "change_message": "[{\"changed\": {\"fields\": [\"description\"]}}]"}}, {"model": "admin.logentry", "pk": 855, "fields": {"action_time": "2019-04-01T16:30:03.030Z", "user": 37, "content_type": 44, "object_id": "4", "object_repr": "\u0411\u043e\u043b\u044c\u0448\u043e\u0439 \u043f\u043e\u0440\u0442\u0444\u0435\u043b\u044c \u0434\u043e\u043f", "action_flag": 1, "change_message": "[{\"added\": {}}, {\"added\": {\"name\": \"\\u0425\\u0430\\u0440\\u0430\\u043a\\u0442\\u0435\\u0440\\u0438\\u0441\\u0442\\u0438\\u043a\\u0430 \\u0438\\u043d\\u0432\\u0435\\u0441\\u0442\\u0438\\u0446\\u0438\\u0438\", \"object\": \"Yes, in a massacre\"}}, {\"added\": {\"name\": \"\\u0425\\u0430\\u0440\\u0430\\u043a\\u0442\\u0435\\u0440\\u0438\\u0441\\u0442\\u0438\\u043a\\u0430 \\u0438\\u043d\\u0432\\u0435\\u0441\\u0442\\u0438\\u0446\\u0438\\u0438\", \"object\": \"Yes, in a massacreYes, in a massacre\"}}, {\"added\": {\"name\": \"\\u0425\\u0430\\u0440\\u0430\\u043a\\u0442\\u0435\\u0440\\u0438\\u0441\\u0442\\u0438\\u043a\\u0430 \\u0438\\u043d\\u0432\\u0435\\u0441\\u0442\\u0438\\u0446\\u0438\\u0438\", \"object\": \"Yes, in a massacre\"}}, {\"added\": {\"name\": \"\\u0425\\u0430\\u0440\\u0430\\u043a\\u0442\\u0435\\u0440\\u0438\\u0441\\u0442\\u0438\\u043a\\u0430 \\u0438\\u043d\\u0432\\u0435\\u0441\\u0442\\u0438\\u0446\\u0438\\u0438\", \"object\": \"Yes, in a massacre the pausing will be noticable most\"}}, {\"added\": {\"name\": \"\\u0425\\u0430\\u0440\\u0430\\u043a\\u0442\\u0435\\u0440\\u0438\\u0441\\u0442\\u0438\\u043a\\u0430 \\u0438\\u043d\\u0432\\u0435\\u0441\\u0442\\u0438\\u0446\\u0438\\u0438\", \"object\": \"cre the pausing will be noticable mostill be noticable most\"}}, {\"added\": {\"name\": \"\\u0425\\u0430\\u0440\\u0430\\u043a\\u0442\\u0435\\u0440\\u0438\\u0441\\u0442\\u0438\\u043a\\u0430 \\u0438\\u043d\\u0432\\u0435\\u0441\\u0442\\u0438\\u0446\\u0438\\u0438\", \"object\": \"Yes, in a massacre the pausing will be noticable most\"}}, {\"added\": {\"name\": \"\\u0425\\u0430\\u0440\\u0430\\u043a\\u0442\\u0435\\u0440\\u0438\\u0441\\u0442\\u0438\\u043a\\u0430 \\u0438\\u043d\\u0432\\u0435\\u0441\\u0442\\u0438\\u0446\\u0438\\u0438\", \"object\": \"cre the pausing will be noticable most\"}}, {\"added\": {\"name\": \"\\u0425\\u0430\\u0440\\u0430\\u043a\\u0442\\u0435\\u0440\\u0438\\u0441\\u0442\\u0438\\u043a\\u0430 \\u0438\\u043d\\u0432\\u0435\\u0441\\u0442\\u0438\\u0446\\u0438\\u0438\", \"object\": \"be noticable most\"}}, {\"added\": {\"name\": \"\\u0425\\u0430\\u0440\\u0430\\u043a\\u0442\\u0435\\u0440\\u0438\\u0441\\u0442\\u0438\\u043a\\u0430 \\u0438\\u043d\\u0432\\u0435\\u0441\\u0442\\u0438\\u0446\\u0438\\u0438\", \"object\": \"cre the pausingthe pausing will be noticable most\"}}, {\"added\": {\"name\": \"\\u041f\\u0440\\u0435\\u0438\\u043c\\u0443\\u0449\\u0435\\u0441\\u0442\\u0432\\u043e \\u0438\\u043d\\u0432\\u0435\\u0441\\u0442\\u0438\\u0446\\u0438\\u0438\", \"object\": \"cre the pausing will be noticable most\"}}, {\"added\": {\"name\": \"\\u041f\\u0440\\u0435\\u0438\\u043c\\u0443\\u0449\\u0435\\u0441\\u0442\\u0432\\u043e \\u0438\\u043d\\u0432\\u0435\\u0441\\u0442\\u0438\\u0446\\u0438\\u0438\", \"object\": \"cre the pausing will be noticable most\"}}, {\"added\": {\"name\": \"\\u041f\\u0440\\u0435\\u0438\\u043c\\u0443\\u0449\\u0435\\u0441\\u0442\\u0432\\u043e \\u0438\\u043d\\u0432\\u0435\\u0441\\u0442\\u0438\\u0446\\u0438\\u0438\", \"object\": \"cre the pausing will be noticable most\"}}, {\"added\": {\"name\": \"\\u041f\\u0440\\u0435\\u0438\\u043c\\u0443\\u0449\\u0435\\u0441\\u0442\\u0432\\u043e \\u0438\\u043d\\u0432\\u0435\\u0441\\u0442\\u0438\\u0446\\u0438\\u0438\", \"object\": \"cre the pausing\"}}, {\"added\": {\"name\": \"\\u041f\\u0440\\u0435\\u0438\\u043c\\u0443\\u0449\\u0435\\u0441\\u0442\\u0432\\u043e \\u0438\\u043d\\u0432\\u0435\\u0441\\u0442\\u0438\\u0446\\u0438\\u0438\", \"object\": \"cre the pausing \\u0443\\u043a\\u0446\\u043a\\u0443\\u0446\"}}, {\"added\": {\"name\": \"\\u041f\\u0440\\u0435\\u0438\\u043c\\u0443\\u0449\\u0435\\u0441\\u0442\\u0432\\u043e \\u0438\\u043d\\u0432\\u0435\\u0441\\u0442\\u0438\\u0446\\u0438\\u0438\", \"object\": \"cre the pausing cre the pausing\"}}, {\"added\": {\"name\": \"\\u041f\\u0440\\u0435\\u0438\\u043c\\u0443\\u0449\\u0435\\u0441\\u0442\\u0432\\u043e \\u0438\\u043d\\u0432\\u0435\\u0441\\u0442\\u0438\\u0446\\u0438\\u0438\", \"object\": \"cre the pausing\"}}, {\"added\": {\"name\": \"\\u041f\\u0440\\u0435\\u0438\\u043c\\u0443\\u0449\\u0435\\u0441\\u0442\\u0432\\u043e \\u0438\\u043d\\u0432\\u0435\\u0441\\u0442\\u0438\\u0446\\u0438\\u0438\", \"object\": \"cre the pausing cre the pausing\"}}, {\"added\": {\"name\": \"\\u041f\\u0440\\u0435\\u0438\\u043c\\u0443\\u0449\\u0435\\u0441\\u0442\\u0432\\u043e \\u0438\\u043d\\u0432\\u0435\\u0441\\u0442\\u0438\\u0446\\u0438\\u0438\", \"object\": \"cre the pausing cre the pausing cre the pausing\"}}]"}}, {"model": "admin.logentry", "pk": 856, "fields": {"action_time": "2019-04-01T17:16:25.746Z", "user": 37, "content_type": 44, "object_id": "4", "object_repr": "\u0411\u043e\u043b\u044c\u0448\u043e\u0439 \u043f\u043e\u0440\u0442\u0444\u0435\u043b\u044c \u0434\u043e\u043f", "action_flag": 2, "change_message": "[{\"added\": {\"name\": \"\\u0425\\u0430\\u0440\\u0430\\u043a\\u0442\\u0435\\u0440\\u0438\\u0441\\u0442\\u0438\\u043a\\u0430 \\u0438\\u043d\\u0432\\u0435\\u0441\\u0442\\u0438\\u0446\\u0438\\u0438\", \"object\": \"None\"}}, {\"added\": {\"name\": \"\\u0425\\u0430\\u0440\\u0430\\u043a\\u0442\\u0435\\u0440\\u0438\\u0441\\u0442\\u0438\\u043a\\u0430 \\u0438\\u043d\\u0432\\u0435\\u0441\\u0442\\u0438\\u0446\\u0438\\u0438\", \"object\": \"None\"}}, {\"added\": {\"name\": \"\\u0425\\u0430\\u0440\\u0430\\u043a\\u0442\\u0435\\u0440\\u0438\\u0441\\u0442\\u0438\\u043a\\u0430 \\u0438\\u043d\\u0432\\u0435\\u0441\\u0442\\u0438\\u0446\\u0438\\u0438\", \"object\": \"None\"}}, {\"deleted\": {\"name\": \"\\u0425\\u0430\\u0440\\u0430\\u043a\\u0442\\u0435\\u0440\\u0438\\u0441\\u0442\\u0438\\u043a\\u0430 \\u0438\\u043d\\u0432\\u0435\\u0441\\u0442\\u0438\\u0446\\u0438\\u0438\", \"object\": \"cre the pausing will be noticable most\"}}, {\"deleted\": {\"name\": \"\\u0425\\u0430\\u0440\\u0430\\u043a\\u0442\\u0435\\u0440\\u0438\\u0441\\u0442\\u0438\\u043a\\u0430 \\u0438\\u043d\\u0432\\u0435\\u0441\\u0442\\u0438\\u0446\\u0438\\u0438\", \"object\": \"be noticable most\"}}, {\"deleted\": {\"name\": \"\\u0425\\u0430\\u0440\\u0430\\u043a\\u0442\\u0435\\u0440\\u0438\\u0441\\u0442\\u0438\\u043a\\u0430 \\u0438\\u043d\\u0432\\u0435\\u0441\\u0442\\u0438\\u0446\\u0438\\u0438\", \"object\": \"cre the pausingthe pausing will be noticable most\"}}, {\"added\": {\"name\": \"\\u041f\\u0440\\u0435\\u0438\\u043c\\u0443\\u0449\\u0435\\u0441\\u0442\\u0432\\u043e \\u0438\\u043d\\u0432\\u0435\\u0441\\u0442\\u0438\\u0446\\u0438\\u0438\", \"object\": \"None\"}}, {\"added\": {\"name\": \"\\u041f\\u0440\\u0435\\u0438\\u043c\\u0443\\u0449\\u0435\\u0441\\u0442\\u0432\\u043e \\u0438\\u043d\\u0432\\u0435\\u0441\\u0442\\u0438\\u0446\\u0438\\u0438\", \"object\": \"None\"}}, {\"added\": {\"name\": \"\\u041f\\u0440\\u0435\\u0438\\u043c\\u0443\\u0449\\u0435\\u0441\\u0442\\u0432\\u043e \\u0438\\u043d\\u0432\\u0435\\u0441\\u0442\\u0438\\u0446\\u0438\\u0438\", \"object\": \"None\"}}, {\"deleted\": {\"name\": \"\\u041f\\u0440\\u0435\\u0438\\u043c\\u0443\\u0449\\u0435\\u0441\\u0442\\u0432\\u043e \\u0438\\u043d\\u0432\\u0435\\u0441\\u0442\\u0438\\u0446\\u0438\\u0438\", \"object\": \"cre the pausing\"}}, {\"deleted\": {\"name\": \"\\u041f\\u0440\\u0435\\u0438\\u043c\\u0443\\u0449\\u0435\\u0441\\u0442\\u0432\\u043e \\u0438\\u043d\\u0432\\u0435\\u0441\\u0442\\u0438\\u0446\\u0438\\u0438\", \"object\": \"cre the pausing cre the pausing\"}}, {\"deleted\": {\"name\": \"\\u041f\\u0440\\u0435\\u0438\\u043c\\u0443\\u0449\\u0435\\u0441\\u0442\\u0432\\u043e \\u0438\\u043d\\u0432\\u0435\\u0441\\u0442\\u0438\\u0446\\u0438\\u0438\", \"object\": \"cre the pausing cre the pausing cre the pausing\"}}]"}}, {"model": "admin.logentry", "pk": 857, "fields": {"action_time": "2019-04-01T17:17:02.546Z", "user": 37, "content_type": 44, "object_id": "4", "object_repr": "\u0411\u043e\u043b\u044c\u0448\u043e\u0439 \u043f\u043e\u0440\u0442\u0444\u0435\u043b\u044c \u0434\u043e\u043f", "action_flag": 2, "change_message": "[{\"added\": {\"name\": \"\\u0425\\u0430\\u0440\\u0430\\u043a\\u0442\\u0435\\u0440\\u0438\\u0441\\u0442\\u0438\\u043a\\u0430 \\u0438\\u043d\\u0432\\u0435\\u0441\\u0442\\u0438\\u0446\\u0438\\u0438\", \"object\": \"None\"}}, {\"added\": {\"name\": \"\\u0425\\u0430\\u0440\\u0430\\u043a\\u0442\\u0435\\u0440\\u0438\\u0441\\u0442\\u0438\\u043a\\u0430 \\u0438\\u043d\\u0432\\u0435\\u0441\\u0442\\u0438\\u0446\\u0438\\u0438\", \"object\": \"None\"}}, {\"added\": {\"name\": \"\\u0425\\u0430\\u0440\\u0430\\u043a\\u0442\\u0435\\u0440\\u0438\\u0441\\u0442\\u0438\\u043a\\u0430 \\u0438\\u043d\\u0432\\u0435\\u0441\\u0442\\u0438\\u0446\\u0438\\u0438\", \"object\": \"None\"}}, {\"deleted\": {\"name\": \"\\u0425\\u0430\\u0440\\u0430\\u043a\\u0442\\u0435\\u0440\\u0438\\u0441\\u0442\\u0438\\u043a\\u0430 \\u0438\\u043d\\u0432\\u0435\\u0441\\u0442\\u0438\\u0446\\u0438\\u0438\", \"object\": \"None\"}}, {\"deleted\": {\"name\": \"\\u0425\\u0430\\u0440\\u0430\\u043a\\u0442\\u0435\\u0440\\u0438\\u0441\\u0442\\u0438\\u043a\\u0430 \\u0438\\u043d\\u0432\\u0435\\u0441\\u0442\\u0438\\u0446\\u0438\\u0438\", \"object\": \"None\"}}, {\"deleted\": {\"name\": \"\\u0425\\u0430\\u0440\\u0430\\u043a\\u0442\\u0435\\u0440\\u0438\\u0441\\u0442\\u0438\\u043a\\u0430 \\u0438\\u043d\\u0432\\u0435\\u0441\\u0442\\u0438\\u0446\\u0438\\u0438\", \"object\": \"None\"}}, {\"deleted\": {\"name\": \"\\u041f\\u0440\\u0435\\u0438\\u043c\\u0443\\u0449\\u0435\\u0441\\u0442\\u0432\\u043e \\u0438\\u043d\\u0432\\u0435\\u0441\\u0442\\u0438\\u0446\\u0438\\u0438\", \"object\": \"None\"}}, {\"deleted\": {\"name\": \"\\u041f\\u0440\\u0435\\u0438\\u043c\\u0443\\u0449\\u0435\\u0441\\u0442\\u0432\\u043e \\u0438\\u043d\\u0432\\u0435\\u0441\\u0442\\u0438\\u0446\\u0438\\u0438\", \"object\": \"None\"}}, {\"deleted\": {\"name\": \"\\u041f\\u0440\\u0435\\u0438\\u043c\\u0443\\u0449\\u0435\\u0441\\u0442\\u0432\\u043e \\u0438\\u043d\\u0432\\u0435\\u0441\\u0442\\u0438\\u0446\\u0438\\u0438\", \"object\": \"None\"}}]"}}, {"model": "admin.logentry", "pk": 858, "fields": {"action_time": "2019-04-01T17:17:17.529Z", "user": 37, "content_type": 44, "object_id": "4", "object_repr": "\u0411\u043e\u043b\u044c\u0448\u043e\u0439 \u043f\u043e\u0440\u0442\u0444\u0435\u043b\u044c \u0434\u043e\u043f", "action_flag": 2, "change_message": "[{\"deleted\": {\"name\": \"\\u0425\\u0430\\u0440\\u0430\\u043a\\u0442\\u0435\\u0440\\u0438\\u0441\\u0442\\u0438\\u043a\\u0430 \\u0438\\u043d\\u0432\\u0435\\u0441\\u0442\\u0438\\u0446\\u0438\\u0438\", \"object\": \"None\"}}, {\"deleted\": {\"name\": \"\\u0425\\u0430\\u0440\\u0430\\u043a\\u0442\\u0435\\u0440\\u0438\\u0441\\u0442\\u0438\\u043a\\u0430 \\u0438\\u043d\\u0432\\u0435\\u0441\\u0442\\u0438\\u0446\\u0438\\u0438\", \"object\": \"None\"}}, {\"deleted\": {\"name\": \"\\u0425\\u0430\\u0440\\u0430\\u043a\\u0442\\u0435\\u0440\\u0438\\u0441\\u0442\\u0438\\u043a\\u0430 \\u0438\\u043d\\u0432\\u0435\\u0441\\u0442\\u0438\\u0446\\u0438\\u0438\", \"object\": \"None\"}}]"}}, {"model": "admin.logentry", "pk": 859, "fields": {"action_time": "2019-04-03T13:21:45.028Z", "user": 37, "content_type": 48, "object_id": "1", "object_repr": "broker_images/logo-bz_OWFbZq2.png", "action_flag": 1, "change_message": "[{\"added\": {}}]"}}, {"model": "admin.logentry", "pk": 860, "fields": {"action_time": "2019-04-03T13:22:30.509Z", "user": 37, "content_type": 48, "object_id": "2", "object_repr": "broker_images/alfaforex.png", "action_flag": 1, "change_message": "[{\"added\": {}}]"}}, {"model": "admin.logentry", "pk": 861, "fields": {"action_time": "2019-04-03T13:22:51.616Z", "user": 37, "content_type": 48, "object_id": "3", "object_repr": "broker_images/bks-forex.png", "action_flag": 1, "change_message": "[{\"added\": {}}]"}}, {"model": "admin.logentry", "pk": 862, "fields": {"action_time": "2019-04-03T13:23:13.111Z", "user": 37, "content_type": 48, "object_id": "4", "object_repr": "broker_images/icmarkets-logo.png", "action_flag": 1, "change_message": "[{\"added\": {}}]"}}, {"model": "admin.logentry", "pk": 863, "fields": {"action_time": "2019-04-03T13:25:33.444Z", "user": 37, "content_type": 49, "object_id": "1", "object_repr": "Similar to the contextual", "action_flag": 1, "change_message": "[{\"added\": {}}]"}}, {"model": "admin.logentry", "pk": 864, "fields": {"action_time": "2019-04-03T13:25:40.847Z", "user": 37, "content_type": 49, "object_id": "2", "object_repr": "Similar to the contextual text color classes,", "action_flag": 1, "change_message": "[{\"added\": {}}]"}}, {"model": "admin.logentry", "pk": 865, "fields": {"action_time": "2019-04-03T13:25:47.694Z", "user": 37, "content_type": 49, "object_id": "3", "object_repr": "contextual text color classes,", "action_flag": 1, "change_message": "[{\"added\": {}}]"}}, {"model": "admin.logentry", "pk": 866, "fields": {"action_time": "2019-04-03T13:25:52.371Z", "user": 37, "content_type": 49, "object_id": "4", "object_repr": "Similar to the contextual text color classes, Similar to the contextual text color classes,", "action_flag": 1, "change_message": "[{\"added\": {}}]"}}, {"model": "admin.logentry", "pk": 867, "fields": {"action_time": "2019-04-03T13:26:26.126Z", "user": 37, "content_type": 49, "object_id": "5", "object_repr": "Similar to the contextual text color classes,", "action_flag": 1, "change_message": "[{\"added\": {}}]"}}, {"model": "admin.logentry", "pk": 868, "fields": {"action_time": "2019-04-03T13:26:31.045Z", "user": 37, "content_type": 49, "object_id": "6", "object_repr": "Similar to the contextual text color classes,", "action_flag": 1, "change_message": "[{\"added\": {}}]"}}, {"model": "admin.logentry", "pk": 869, "fields": {"action_time": "2019-04-04T19:29:57.246Z", "user": 37, "content_type": 48, "object_id": "4", "object_repr": "broker_images/icmarkets-logo.png", "action_flag": 2, "change_message": "[{\"changed\": {\"fields\": [\"duration\"]}}]"}}, {"model": "admin.logentry", "pk": 870, "fields": {"action_time": "2019-04-04T19:30:04.023Z", "user": 37, "content_type": 48, "object_id": "3", "object_repr": "broker_images/bks-forex.png", "action_flag": 2, "change_message": "[{\"changed\": {\"fields\": [\"duration\"]}}]"}}, {"model": "admin.logentry", "pk": 871, "fields": {"action_time": "2019-04-04T19:30:10.526Z", "user": 37, "content_type": 48, "object_id": "2", "object_repr": "broker_images/alfaforex.png", "action_flag": 2, "change_message": "[{\"changed\": {\"fields\": [\"duration\"]}}]"}}, {"model": "admin.logentry", "pk": 872, "fields": {"action_time": "2019-04-04T19:30:14.786Z", "user": 37, "content_type": 48, "object_id": "1", "object_repr": "broker_images/logo-bz_OWFbZq2.png", "action_flag": 2, "change_message": "[{\"changed\": {\"fields\": [\"duration\"]}}]"}}, {"model": "admin.logentry", "pk": 873, "fields": {"action_time": "2019-04-04T19:30:44.893Z", "user": 37, "content_type": 48, "object_id": "4", "object_repr": "broker_images/icmarkets-logo.png", "action_flag": 2, "change_message": "[{\"changed\": {\"fields\": [\"result\"]}}]"}}, {"model": "admin.logentry", "pk": 874, "fields": {"action_time": "2019-04-04T19:30:51.629Z", "user": 37, "content_type": 48, "object_id": "4", "object_repr": "broker_images/icmarkets-logo.png", "action_flag": 2, "change_message": "[]"}}, {"model": "admin.logentry", "pk": 875, "fields": {"action_time": "2019-04-04T19:30:55.917Z", "user": 37, "content_type": 48, "object_id": "3", "object_repr": "broker_images/bks-forex.png", "action_flag": 2, "change_message": "[{\"changed\": {\"fields\": [\"result\"]}}]"}}, {"model": "admin.logentry", "pk": 876, "fields": {"action_time": "2019-04-04T19:31:01.352Z", "user": 37, "content_type": 48, "object_id": "2", "object_repr": "broker_images/alfaforex.png", "action_flag": 2, "change_message": "[{\"changed\": {\"fields\": [\"result\"]}}]"}}, {"model": "admin.logentry", "pk": 877, "fields": {"action_time": "2019-04-04T19:31:05.309Z", "user": 37, "content_type": 48, "object_id": "1", "object_repr": "broker_images/logo-bz_OWFbZq2.png", "action_flag": 2, "change_message": "[]"}}, {"model": "admin.logentry", "pk": 878, "fields": {"action_time": "2019-04-07T15:49:36.690Z", "user": 37, "content_type": 42, "object_id": "1", "object_repr": ">30%", "action_flag": 3, "change_message": ""}}, {"model": "admin.logentry", "pk": 879, "fields": {"action_time": "2019-04-07T15:49:44.061Z", "user": 37, "content_type": 42, "object_id": "4", "object_repr": ">30%", "action_flag": 1, "change_message": "[{\"added\": {}}]"}}, {"model": "admin.logentry", "pk": 880, "fields": {"action_time": "2019-04-07T15:50:47.566Z", "user": 37, "content_type": 44, "object_id": "2", "object_repr": "\u0411\u043e\u043b\u044c\u0448\u043e\u0439 \u043f\u043e\u0440\u0442\u0444\u0435\u043b\u044c", "action_flag": 2, "change_message": "[{\"changed\": {\"fields\": [\"format\"]}}]"}}]